utt1,utt2,label,prediction,score,threshold,error_type,stratum,gender,age_bin,ethnicity
3043-2_10.wav,3043-2_7.wav,1,0,0.20874448120594025,0.2691883444786072,false_negative,nsc_pt3.F.18_25.CHINESE,F,18_25,CHINESE
3043-2_3.wav,3043-2_4.wav,1,0,0.2528676390647888,0.2691883444786072,false_negative,nsc_pt3.F.18_25.CHINESE,F,18_25,CHINESE
3043-2_4.wav,3043-2_5.wav,1,0,0.16404780745506287,0.2691883444786072,false_negative,nsc_pt3.F.18_25.CHINESE,F,18_25,CHINESE
3043-2_4.wav,3043-2_9.wav,1,0,0.2549135088920593,0.2691883444786072,false_negative,nsc_pt3.F.18_25.CHINESE,F,18_25,CHINESE
3068-1_3.wav,3068-1_8.wav,1,0,0.2285037636756897,0.2691883444786072,false_negative,nsc_pt3.F.18_25.CHINESE,F,18_25,CHINESE
3098-1_2.wav,3098-1_7.wav,1,0,0.2616565227508545,0.2691883444786072,false_negative,nsc_pt3.F.18_25.CHINESE,F,18_25,CHINESE
3098-1_3.wav,3098-1_7.wav,1,0,0.25320184230804443,0.2691883444786072,false_negative,nsc_pt3.F.18_25.CHINESE,F,18_25,CHINESE
3098-1_4.wav,3098-1_7.wav,1,0,0.2289465069770813,0.2691883444786072,false_negative,nsc_pt3.F.18_25.CHINESE,F,18_25,CHINESE
3098-1_6.wav,3098-1_7.wav,1,0,0.1668505072593689,0.2691883444786072,false_negative,nsc_pt3.F.18_25.CHINESE,F,18_25,CHINESE
3142-2_1.wav,3142-2_3.wav,1,0,0.17276720702648163,0.2691883444786072,false_negative,nsc_pt3.F.18_25.CHINESE,F,18_25,CHINESE
3142-2_1.wav,3142-2_4.wav,1,0,0.2559627294540405,0.2691883444786072,false_negative,nsc_pt3.F.18_25.CHINESE,F,18_25,CHINESE
3142-2_3.wav,3142-2_9.wav,1,0,0.2544513940811157,0.2691883444786072,false_negative,nsc_pt3.F.18_25.CHINESE,F,18_25,CHINESE
3018-1_1.wav,3142-2_10.wav,0,1,0.33064141869544983,0.2691883444786072,false_positive,nsc_pt3.F.18_25.CHINESE,F,18_25,CHINESE
3018-1_4.wav,3053-2_5.wav,0,1,0.34399381279945374,0.2691883444786072,false_positive,nsc_pt3.F.18_25.CHINESE,F,18_25,CHINESE
3018-1_5.wav,3142-2_7.wav,0,1,0.4021018147468567,0.2691883444786072,false_positive,nsc_pt3.F.18_25.CHINESE,F,18_25,CHINESE
3018-1_5.wav,3098-1_1.wav,0,1,0.2902626693248749,0.2691883444786072,false_positive,nsc_pt3.F.18_25.CHINESE,F,18_25,CHINESE
3018-1_6.wav,3098-1_7.wav,0,1,0.30606895685195923,0.2691883444786072,false_positive,nsc_pt3.F.18_25.CHINESE,F,18_25,CHINESE
3018-1_6.wav,3111-1_2.wav,0,1,0.29870787262916565,0.2691883444786072,false_positive,nsc_pt3.F.18_25.CHINESE,F,18_25,CHINESE
3018-1_7.wav,3053-2_3.wav,0,1,0.28544971346855164,0.2691883444786072,false_positive,nsc_pt3.F.18_25.CHINESE,F,18_25,CHINESE
3018-1_7.wav,3098-1_7.wav,0,1,0.33438223600387573,0.2691883444786072,false_positive,nsc_pt3.F.18_25.CHINESE,F,18_25,CHINESE
3018-1_7.wav,3111-1_10.wav,0,1,0.32139813899993896,0.2691883444786072,false_positive,nsc_pt3.F.18_25.CHINESE,F,18_25,CHINESE
3018-1_8.wav,3111-1_7.wav,0,1,0.4197951555252075,0.2691883444786072,false_positive,nsc_pt3.F.18_25.CHINESE,F,18_25,CHINESE
3018-1_8.wav,3142-2_8.wav,0,1,0.2920604646205902,0.2691883444786072,false_positive,nsc_pt3.F.18_25.CHINESE,F,18_25,CHINESE
3018-1_9.wav,3098-1_1.wav,0,1,0.4368748962879181,0.2691883444786072,false_positive,nsc_pt3.F.18_25.CHINESE,F,18_25,CHINESE
3018-1_9.wav,3111-1_8.wav,0,1,0.27813416719436646,0.2691883444786072,false_positive,nsc_pt3.F.18_25.CHINESE,F,18_25,CHINESE
3043-2_1.wav,3068-1_8.wav,0,1,0.2764943838119507,0.2691883444786072,false_positive,nsc_pt3.F.18_25.CHINESE,F,18_25,CHINESE
3043-2_5.wav,3098-1_6.wav,0,1,0.28757840394973755,0.2691883444786072,false_positive,nsc_pt3.F.18_25.CHINESE,F,18_25,CHINESE
3043-2_5.wav,3111-1_10.wav,0,1,0.31771528720855713,0.2691883444786072,false_positive,nsc_pt3.F.18_25.CHINESE,F,18_25,CHINESE
3043-2_8.wav,3068-1_6.wav,0,1,0.3173500895500183,0.2691883444786072,false_positive,nsc_pt3.F.18_25.CHINESE,F,18_25,CHINESE
3043-2_9.wav,3098-1_4.wav,0,1,0.3524547517299652,0.2691883444786072,false_positive,nsc_pt3.F.18_25.CHINESE,F,18_25,CHINESE
3053-2_1.wav,3018-1_10.wav,0,1,0.3373467028141022,0.2691883444786072,false_positive,nsc_pt3.F.18_25.CHINESE,F,18_25,CHINESE
3053-2_10.wav,3160-1_5.wav,0,1,0.2894681394100189,0.2691883444786072,false_positive,nsc_pt3.F.18_25.CHINESE,F,18_25,CHINESE
3053-2_2.wav,3160-1_5.wav,0,1,0.3534107208251953,0.2691883444786072,false_positive,nsc_pt3.F.18_25.CHINESE,F,18_25,CHINESE
3053-2_2.wav,3098-1_1.wav,0,1,0.41183727979660034,0.2691883444786072,false_positive,nsc_pt3.F.18_25.CHINESE,F,18_25,CHINESE
3053-2_2.wav,3111-1_7.wav,0,1,0.3306148946285248,0.2691883444786072,false_positive,nsc_pt3.F.18_25.CHINESE,F,18_25,CHINESE
3053-2_2.wav,3018-1_9.wav,0,1,0.2787289619445801,0.2691883444786072,false_positive,nsc_pt3.F.18_25.CHINESE,F,18_25,CHINESE
3053-2_3.wav,3018-1_10.wav,0,1,0.34160134196281433,0.2691883444786072,false_positive,nsc_pt3.F.18_25.CHINESE,F,18_25,CHINESE
3053-2_4.wav,3160-1_2.wav,0,1,0.2906067967414856,0.2691883444786072,false_positive,nsc_pt3.F.18_25.CHINESE,F,18_25,CHINESE
3053-2_4.wav,3018-1_10.wav,0,1,0.3069758415222168,0.2691883444786072,false_positive,nsc_pt3.F.18_25.CHINESE,F,18_25,CHINESE
3053-2_5.wav,3018-1_4.wav,0,1,0.34399381279945374,0.2691883444786072,false_positive,nsc_pt3.F.18_25.CHINESE,F,18_25,CHINESE
3053-2_5.wav,3098-1_1.wav,0,1,0.34328433871269226,0.2691883444786072,false_positive,nsc_pt3.F.18_25.CHINESE,F,18_25,CHINESE
3053-2_9.wav,3160-1_3.wav,0,1,0.3575902581214905,0.2691883444786072,false_positive,nsc_pt3.F.18_25.CHINESE,F,18_25,CHINESE
3068-1_10.wav,3160-1_9.wav,0,1,0.31869375705718994,0.2691883444786072,false_positive,nsc_pt3.F.18_25.CHINESE,F,18_25,CHINESE
3068-1_2.wav,3018-1_5.wav,0,1,0.2714540660381317,0.2691883444786072,false_positive,nsc_pt3.F.18_25.CHINESE,F,18_25,CHINESE
3068-1_6.wav,3160-1_10.wav,0,1,0.29696983098983765,0.2691883444786072,false_positive,nsc_pt3.F.18_25.CHINESE,F,18_25,CHINESE
3068-1_6.wav,3098-1_9.wav,0,1,0.36564359068870544,0.2691883444786072,false_positive,nsc_pt3.F.18_25.CHINESE,F,18_25,CHINESE
3068-1_7.wav,3160-1_3.wav,0,1,0.3245020806789398,0.2691883444786072,false_positive,nsc_pt3.F.18_25.CHINESE,F,18_25,CHINESE
3068-1_7.wav,3111-1_8.wav,0,1,0.27810341119766235,0.2691883444786072,false_positive,nsc_pt3.F.18_25.CHINESE,F,18_25,CHINESE
3068-1_7.wav,3053-2_7.wav,0,1,0.27030038833618164,0.2691883444786072,false_positive,nsc_pt3.F.18_25.CHINESE,F,18_25,CHINESE
3068-1_8.wav,3098-1_6.wav,0,1,0.4243849217891693,0.2691883444786072,false_positive,nsc_pt3.F.18_25.CHINESE,F,18_25,CHINESE
3068-1_9.wav,3160-1_3.wav,0,1,0.28150737285614014,0.2691883444786072,false_positive,nsc_pt3.F.18_25.CHINESE,F,18_25,CHINESE
3098-1_1.wav,3053-2_2.wav,0,1,0.41183727979660034,0.2691883444786072,false_positive,nsc_pt3.F.18_25.CHINESE,F,18_25,CHINESE
3098-1_1.wav,3111-1_3.wav,0,1,0.303790807723999,0.2691883444786072,false_positive,nsc_pt3.F.18_25.CHINESE,F,18_25,CHINESE
3098-1_1.wav,3018-1_10.wav,0,1,0.3719576597213745,0.2691883444786072,false_positive,nsc_pt3.F.18_25.CHINESE,F,18_25,CHINESE
3098-1_1.wav,3142-2_6.wav,0,1,0.4582274258136749,0.2691883444786072,false_positive,nsc_pt3.F.18_25.CHINESE,F,18_25,CHINESE
3098-1_1.wav,3160-1_5.wav,0,1,0.3701768219470978,0.2691883444786072,false_positive,nsc_pt3.F.18_25.CHINESE,F,18_25,CHINESE
3098-1_1.wav,3068-1_8.wav,0,1,0.2842053472995758,0.2691883444786072,false_positive,nsc_pt3.F.18_25.CHINESE,F,18_25,CHINESE
3098-1_10.wav,3142-2_5.wav,0,1,0.288919597864151,0.2691883444786072,false_positive,nsc_pt3.F.18_25.CHINESE,F,18_25,CHINESE
3098-1_10.wav,3111-1_6.wav,0,1,0.32970014214515686,0.2691883444786072,false_positive,nsc_pt3.F.18_25.CHINESE,F,18_25,CHINESE
3098-1_2.wav,3142-2_5.wav,0,1,0.3222467005252838,0.2691883444786072,false_positive,nsc_pt3.F.18_25.CHINESE,F,18_25,CHINESE
3098-1_5.wav,3018-1_2.wav,0,1,0.2693105936050415,0.2691883444786072,false_positive,nsc_pt3.F.18_25.CHINESE,F,18_25,CHINESE
3098-1_5.wav,3111-1_3.wav,0,1,0.3442065715789795,0.2691883444786072,false_positive,nsc_pt3.F.18_25.CHINESE,F,18_25,CHINESE
3098-1_5.wav,3142-2_10.wav,0,1,0.4740327298641205,0.2691883444786072,false_positive,nsc_pt3.F.18_25.CHINESE,F,18_25,CHINESE
3098-1_6.wav,3111-1_2.wav,0,1,0.45426511764526367,0.2691883444786072,false_positive,nsc_pt3.F.18_25.CHINESE,F,18_25,CHINESE
3098-1_6.wav,3142-2_1.wav,0,1,0.3219563364982605,0.2691883444786072,false_positive,nsc_pt3.F.18_25.CHINESE,F,18_25,CHINESE
3098-1_7.wav,3018-1_1.wav,0,1,0.27690356969833374,0.2691883444786072,false_positive,nsc_pt3.F.18_25.CHINESE,F,18_25,CHINESE
3098-1_8.wav,3111-1_5.wav,0,1,0.30571359395980835,0.2691883444786072,false_positive,nsc_pt3.F.18_25.CHINESE,F,18_25,CHINESE
3098-1_8.wav,3160-1_2.wav,0,1,0.3632228970527649,0.2691883444786072,false_positive,nsc_pt3.F.18_25.CHINESE,F,18_25,CHINESE
3098-1_9.wav,3068-1_6.wav,0,1,0.36564359068870544,0.2691883444786072,false_positive,nsc_pt3.F.18_25.CHINESE,F,18_25,CHINESE
3098-1_9.wav,3043-2_9.wav,0,1,0.3020510673522949,0.2691883444786072,false_positive,nsc_pt3.F.18_25.CHINESE,F,18_25,CHINESE
3098-1_9.wav,3160-1_3.wav,0,1,0.30218255519866943,0.2691883444786072,false_positive,nsc_pt3.F.18_25.CHINESE,F,18_25,CHINESE
3098-1_9.wav,3142-2_10.wav,0,1,0.2923951745033264,0.2691883444786072,false_positive,nsc_pt3.F.18_25.CHINESE,F,18_25,CHINESE
3111-1_1.wav,3068-1_5.wav,0,1,0.3388078212738037,0.2691883444786072,false_positive,nsc_pt3.F.18_25.CHINESE,F,18_25,CHINESE
3111-1_1.wav,3142-2_5.wav,0,1,0.269623339176178,0.2691883444786072,false_positive,nsc_pt3.F.18_25.CHINESE,F,18_25,CHINESE
3111-1_10.wav,3098-1_6.wav,0,1,0.5707088708877563,0.2691883444786072,false_positive,nsc_pt3.F.18_25.CHINESE,F,18_25,CHINESE
3111-1_10.wav,3018-1_8.wav,0,1,0.3648048937320709,0.2691883444786072,false_positive,nsc_pt3.F.18_25.CHINESE,F,18_25,CHINESE
3111-1_10.wav,3142-2_3.wav,0,1,0.27992013096809387,0.2691883444786072,false_positive,nsc_pt3.F.18_25.CHINESE,F,18_25,CHINESE
3111-1_10.wav,3068-1_7.wav,0,1,0.31716713309288025,0.2691883444786072,false_positive,nsc_pt3.F.18_25.CHINESE,F,18_25,CHINESE
3111-1_2.wav,3018-1_9.wav,0,1,0.4443637430667877,0.2691883444786072,false_positive,nsc_pt3.F.18_25.CHINESE,F,18_25,CHINESE
3111-1_2.wav,3142-2_5.wav,0,1,0.3085953891277313,0.2691883444786072,false_positive,nsc_pt3.F.18_25.CHINESE,F,18_25,CHINESE
3111-1_2.wav,3098-1_8.wav,0,1,0.2767603397369385,0.2691883444786072,false_positive,nsc_pt3.F.18_25.CHINESE,F,18_25,CHINESE
3111-1_2.wav,3160-1_5.wav,0,1,0.3148055076599121,0.2691883444786072,false_positive,nsc_pt3.F.18_25.CHINESE,F,18_25,CHINESE
3111-1_3.wav,3142-2_4.wav,0,1,0.29663902521133423,0.2691883444786072,false_positive,nsc_pt3.F.18_25.CHINESE,F,18_25,CHINESE
3111-1_3.wav,3098-1_3.wav,0,1,0.34855085611343384,0.2691883444786072,false_positive,nsc_pt3.F.18_25.CHINESE,F,18_25,CHINESE
3111-1_4.wav,3068-1_3.wav,0,1,0.358848512172699,0.2691883444786072,false_positive,nsc_pt3.F.18_25.CHINESE,F,18_25,CHINESE
3111-1_5.wav,3142-2_4.wav,0,1,0.3199465870857239,0.2691883444786072,false_positive,nsc_pt3.F.18_25.CHINESE,F,18_25,CHINESE
3111-1_5.wav,3068-1_7.wav,0,1,0.32419854402542114,0.2691883444786072,false_positive,nsc_pt3.F.18_25.CHINESE,F,18_25,CHINESE
3111-1_5.wav,3098-1_10.wav,0,1,0.3848588168621063,0.2691883444786072,false_positive,nsc_pt3.F.18_25.CHINESE,F,18_25,CHINESE
3111-1_6.wav,3160-1_5.wav,0,1,0.3192530870437622,0.2691883444786072,false_positive,nsc_pt3.F.18_25.CHINESE,F,18_25,CHINESE
3111-1_6.wav,3098-1_1.wav,0,1,0.3755597174167633,0.2691883444786072,false_positive,nsc_pt3.F.18_25.CHINESE,F,18_25,CHINESE
3111-1_6.wav,3142-2_10.wav,0,1,0.4389551877975464,0.2691883444786072,false_positive,nsc_pt3.F.18_25.CHINESE,F,18_25,CHINESE
3111-1_7.wav,3068-1_10.wav,0,1,0.30886244773864746,0.2691883444786072,false_positive,nsc_pt3.F.18_25.CHINESE,F,18_25,CHINESE
3111-1_7.wav,3160-1_3.wav,0,1,0.36438438296318054,0.2691883444786072,false_positive,nsc_pt3.F.18_25.CHINESE,F,18_25,CHINESE
3111-1_7.wav,3018-1_10.wav,0,1,0.32877835631370544,0.2691883444786072,false_positive,nsc_pt3.F.18_25.CHINESE,F,18_25,CHINESE
3111-1_7.wav,3098-1_8.wav,0,1,0.43356817960739136,0.2691883444786072,false_positive,nsc_pt3.F.18_25.CHINESE,F,18_25,CHINESE
3111-1_7.wav,3142-2_6.wav,0,1,0.3757563531398773,0.2691883444786072,false_positive,nsc_pt3.F.18_25.CHINESE,F,18_25,CHINESE
3111-1_8.wav,3098-1_6.wav,0,1,0.3843206465244293,0.2691883444786072,false_positive,nsc_pt3.F.18_25.CHINESE,F,18_25,CHINESE
3111-1_8.wav,3018-1_9.wav,0,1,0.27813416719436646,0.2691883444786072,false_positive,nsc_pt3.F.18_25.CHINESE,F,18_25,CHINESE
3142-2_10.wav,3111-1_4.wav,0,1,0.3006340265274048,0.2691883444786072,false_positive,nsc_pt3.F.18_25.CHINESE,F,18_25,CHINESE
3142-2_10.wav,3068-1_10.wav,0,1,0.2966917157173157,0.2691883444786072,false_positive,nsc_pt3.F.18_25.CHINESE,F,18_25,CHINESE
3142-2_10.wav,3018-1_1.wav,0,1,0.33064141869544983,0.2691883444786072,false_positive,nsc_pt3.F.18_25.CHINESE,F,18_25,CHINESE
3142-2_10.wav,3160-1_9.wav,0,1,0.30762341618537903,0.2691883444786072,false_positive,nsc_pt3.F.18_25.CHINESE,F,18_25,CHINESE
3142-2_2.wav,3111-1_6.wav,0,1,0.3041159510612488,0.2691883444786072,false_positive,nsc_pt3.F.18_25.CHINESE,F,18_25,CHINESE
3142-2_4.wav,3111-1_6.wav,0,1,0.3060174882411957,0.2691883444786072,false_positive,nsc_pt3.F.18_25.CHINESE,F,18_25,CHINESE
3142-2_5.wav,3111-1_6.wav,0,1,0.3093646168708801,0.2691883444786072,false_positive,nsc_pt3.F.18_25.CHINESE,F,18_25,CHINESE
3142-2_5.wav,3018-1_8.wav,0,1,0.3449183702468872,0.2691883444786072,false_positive,nsc_pt3.F.18_25.CHINESE,F,18_25,CHINESE
3142-2_5.wav,3098-1_10.wav,0,1,0.288919597864151,0.2691883444786072,false_positive,nsc_pt3.F.18_25.CHINESE,F,18_25,CHINESE
3142-2_5.wav,3160-1_4.wav,0,1,0.3330606520175934,0.2691883444786072,false_positive,nsc_pt3.F.18_25.CHINESE,F,18_25,CHINESE
3142-2_6.wav,3111-1_5.wav,0,1,0.4171141982078552,0.2691883444786072,false_positive,nsc_pt3.F.18_25.CHINESE,F,18_25,CHINESE
3142-2_6.wav,3160-1_9.wav,0,1,0.3711452782154083,0.2691883444786072,false_positive,nsc_pt3.F.18_25.CHINESE,F,18_25,CHINESE
3142-2_6.wav,3098-1_7.wav,0,1,0.2841181755065918,0.2691883444786072,false_positive,nsc_pt3.F.18_25.CHINESE,F,18_25,CHINESE
3142-2_7.wav,3018-1_7.wav,0,1,0.34716302156448364,0.2691883444786072,false_positive,nsc_pt3.F.18_25.CHINESE,F,18_25,CHINESE
3142-2_7.wav,3111-1_3.wav,0,1,0.29747873544692993,0.2691883444786072,false_positive,nsc_pt3.F.18_25.CHINESE,F,18_25,CHINESE
3142-2_8.wav,3098-1_10.wav,0,1,0.3488714396953583,0.2691883444786072,false_positive,nsc_pt3.F.18_25.CHINESE,F,18_25,CHINESE
3160-1_3.wav,3068-1_7.wav,0,1,0.3245020806789398,0.2691883444786072,false_positive,nsc_pt3.F.18_25.CHINESE,F,18_25,CHINESE
3160-1_3.wav,3053-2_6.wav,0,1,0.28788676857948303,0.2691883444786072,false_positive,nsc_pt3.F.18_25.CHINESE,F,18_25,CHINESE
3160-1_3.wav,3111-1_10.wav,0,1,0.46512162685394287,0.2691883444786072,false_positive,nsc_pt3.F.18_25.CHINESE,F,18_25,CHINESE
3160-1_4.wav,3098-1_3.wav,0,1,0.3083982765674591,0.2691883444786072,false_positive,nsc_pt3.F.18_25.CHINESE,F,18_25,CHINESE
3160-1_5.wav,3111-1_5.wav,0,1,0.3474004864692688,0.2691883444786072,false_positive,nsc_pt3.F.18_25.CHINESE,F,18_25,CHINESE
3160-1_5.wav,3098-1_5.wav,0,1,0.2816638946533203,0.2691883444786072,false_positive,nsc_pt3.F.18_25.CHINESE,F,18_25,CHINESE
3160-1_5.wav,3053-2_6.wav,0,1,0.4670282304286957,0.2691883444786072,false_positive,nsc_pt3.F.18_25.CHINESE,F,18_25,CHINESE
3160-1_6.wav,3142-2_10.wav,0,1,0.321891188621521,0.2691883444786072,false_positive,nsc_pt3.F.18_25.CHINESE,F,18_25,CHINESE
3160-1_6.wav,3053-2_9.wav,0,1,0.42993009090423584,0.2691883444786072,false_positive,nsc_pt3.F.18_25.CHINESE,F,18_25,CHINESE
3160-1_8.wav,3068-1_7.wav,0,1,0.2930018901824951,0.2691883444786072,false_positive,nsc_pt3.F.18_25.CHINESE,F,18_25,CHINESE
3160-1_8.wav,3053-2_4.wav,0,1,0.3159075975418091,0.2691883444786072,false_positive,nsc_pt3.F.18_25.CHINESE,F,18_25,CHINESE
3160-1_9.wav,3068-1_6.wav,0,1,0.2740003168582916,0.2691883444786072,false_positive,nsc_pt3.F.18_25.CHINESE,F,18_25,CHINESE
3160-1_9.wav,3098-1_4.wav,0,1,0.2747970223426819,0.2691883444786072,false_positive,nsc_pt3.F.18_25.CHINESE,F,18_25,CHINESE
3160-1_9.wav,3142-2_1.wav,0,1,0.27076733112335205,0.2691883444786072,false_positive,nsc_pt3.F.18_25.CHINESE,F,18_25,CHINESE
3160-1_9.wav,3018-1_7.wav,0,1,0.3423222303390503,0.2691883444786072,false_positive,nsc_pt3.F.18_25.CHINESE,F,18_25,CHINESE
3121-2_1.wav,3121-2_6.wav,1,0,0.20734968781471252,0.2691883444786072,false_negative,nsc_pt3.F.18_25.INDIAN,F,18_25,INDIAN
3121-2_1.wav,3121-2_8.wav,1,0,0.2560129761695862,0.2691883444786072,false_negative,nsc_pt3.F.18_25.INDIAN,F,18_25,INDIAN
3121-2_10.wav,3121-2_8.wav,1,0,0.23365405201911926,0.2691883444786072,false_negative,nsc_pt3.F.18_25.INDIAN,F,18_25,INDIAN
3121-2_3.wav,3121-2_8.wav,1,0,0.1212267279624939,0.2691883444786072,false_negative,nsc_pt3.F.18_25.INDIAN,F,18_25,INDIAN
3121-2_5.wav,3121-2_8.wav,1,0,0.2146468311548233,0.2691883444786072,false_negative,nsc_pt3.F.18_25.INDIAN,F,18_25,INDIAN
3121-2_6.wav,3121-2_8.wav,1,0,0.16554568707942963,0.2691883444786072,false_negative,nsc_pt3.F.18_25.INDIAN,F,18_25,INDIAN
3121-2_7.wav,3121-2_8.wav,1,0,0.24632366001605988,0.2691883444786072,false_negative,nsc_pt3.F.18_25.INDIAN,F,18_25,INDIAN
3036-1_3.wav,3121-2_9.wav,0,1,0.29714715480804443,0.2691883444786072,false_positive,nsc_pt3.F.18_25.INDIAN,F,18_25,INDIAN
3061-1_1.wav,3121-2_10.wav,0,1,0.279535174369812,0.2691883444786072,false_positive,nsc_pt3.F.18_25.INDIAN,F,18_25,INDIAN
3061-1_2.wav,3121-2_10.wav,0,1,0.459133118391037,0.2691883444786072,false_positive,nsc_pt3.F.18_25.INDIAN,F,18_25,INDIAN
3061-1_3.wav,3121-2_9.wav,0,1,0.3493329882621765,0.2691883444786072,false_positive,nsc_pt3.F.18_25.INDIAN,F,18_25,INDIAN
3061-1_4.wav,3121-2_10.wav,0,1,0.4097456634044647,0.2691883444786072,false_positive,nsc_pt3.F.18_25.INDIAN,F,18_25,INDIAN
3061-1_5.wav,3121-2_10.wav,0,1,0.2870888411998749,0.2691883444786072,false_positive,nsc_pt3.F.18_25.INDIAN,F,18_25,INDIAN
3061-1_6.wav,3036-1_4.wav,0,1,0.3228032886981964,0.2691883444786072,false_positive,nsc_pt3.F.18_25.INDIAN,F,18_25,INDIAN
3061-1_6.wav,3121-2_7.wav,0,1,0.3763244152069092,0.2691883444786072,false_positive,nsc_pt3.F.18_25.INDIAN,F,18_25,INDIAN
3061-1_8.wav,3121-2_5.wav,0,1,0.2749772071838379,0.2691883444786072,false_positive,nsc_pt3.F.18_25.INDIAN,F,18_25,INDIAN
3061-1_9.wav,3121-2_6.wav,0,1,0.30158892273902893,0.2691883444786072,false_positive,nsc_pt3.F.18_25.INDIAN,F,18_25,INDIAN
3121-2_1.wav,3061-1_4.wav,0,1,0.318885862827301,0.2691883444786072,false_positive,nsc_pt3.F.18_25.INDIAN,F,18_25,INDIAN
3121-2_10.wav,3061-1_7.wav,0,1,0.3893682360649109,0.2691883444786072,false_positive,nsc_pt3.F.18_25.INDIAN,F,18_25,INDIAN
3121-2_2.wav,3061-1_5.wav,0,1,0.2968142032623291,0.2691883444786072,false_positive,nsc_pt3.F.18_25.INDIAN,F,18_25,INDIAN
3121-2_5.wav,3061-1_5.wav,0,1,0.3085966408252716,0.2691883444786072,false_positive,nsc_pt3.F.18_25.INDIAN,F,18_25,INDIAN
3121-2_7.wav,3061-1_3.wav,0,1,0.40379637479782104,0.2691883444786072,false_positive,nsc_pt3.F.18_25.INDIAN,F,18_25,INDIAN
3121-2_9.wav,3061-1_2.wav,0,1,0.3117101788520813,0.2691883444786072,false_positive,nsc_pt3.F.18_25.INDIAN,F,18_25,INDIAN
3001-2_10.wav,3001-2_6.wav,1,0,0.21449944376945496,0.2691883444786072,false_negative,nsc_pt3.F.18_25.MALAY,F,18_25,MALAY
3001-2_2.wav,3001-2_6.wav,1,0,0.18476015329360962,0.2691883444786072,false_negative,nsc_pt3.F.18_25.MALAY,F,18_25,MALAY
3001-2_6.wav,3001-2_7.wav,1,0,0.20061025023460388,0.2691883444786072,false_negative,nsc_pt3.F.18_25.MALAY,F,18_25,MALAY
3001-2_6.wav,3001-2_9.wav,1,0,0.24807147681713104,0.2691883444786072,false_negative,nsc_pt3.F.18_25.MALAY,F,18_25,MALAY
3101-2_3.wav,3101-2_7.wav,1,0,0.26796451210975647,0.2691883444786072,false_negative,nsc_pt3.F.18_25.MALAY,F,18_25,MALAY
3101-2_5.wav,3101-2_6.wav,1,0,0.24719774723052979,0.2691883444786072,false_negative,nsc_pt3.F.18_25.MALAY,F,18_25,MALAY
3121-1_6.wav,3121-1_8.wav,1,0,0.24534718692302704,0.2691883444786072,false_negative,nsc_pt3.F.18_25.MALAY,F,18_25,MALAY
3121-1_7.wav,3121-1_9.wav,1,0,0.24776335060596466,0.2691883444786072,false_negative,nsc_pt3.F.18_25.MALAY,F,18_25,MALAY
3148-1_1.wav,3148-1_5.wav,1,0,0.22256562113761902,0.2691883444786072,false_negative,nsc_pt3.F.18_25.MALAY,F,18_25,MALAY
3148-1_5.wav,3148-1_7.wav,1,0,0.23584550619125366,0.2691883444786072,false_negative,nsc_pt3.F.18_25.MALAY,F,18_25,MALAY
3150-2_1.wav,3150-2_8.wav,1,0,0.2477027028799057,0.2691883444786072,false_negative,nsc_pt3.F.18_25.MALAY,F,18_25,MALAY
3176-2_1.wav,3176-2_2.wav,1,0,0.15816277265548706,0.2691883444786072,false_negative,nsc_pt3.F.18_25.MALAY,F,18_25,MALAY
3176-2_10.wav,3176-2_2.wav,1,0,0.18165624141693115,0.2691883444786072,false_negative,nsc_pt3.F.18_25.MALAY,F,18_25,MALAY
3176-2_2.wav,3176-2_3.wav,1,0,0.11938809603452682,0.2691883444786072,false_negative,nsc_pt3.F.18_25.MALAY,F,18_25,MALAY
3176-2_2.wav,3176-2_4.wav,1,0,0.008732341229915619,0.2691883444786072,false_negative,nsc_pt3.F.18_25.MALAY,F,18_25,MALAY
3176-2_2.wav,3176-2_5.wav,1,0,0.031108079478144646,0.2691883444786072,false_negative,nsc_pt3.F.18_25.MALAY,F,18_25,MALAY
3176-2_2.wav,3176-2_6.wav,1,0,0.12901505827903748,0.2691883444786072,false_negative,nsc_pt3.F.18_25.MALAY,F,18_25,MALAY
3176-2_2.wav,3176-2_7.wav,1,0,0.17334623634815216,0.2691883444786072,false_negative,nsc_pt3.F.18_25.MALAY,F,18_25,MALAY
3176-2_2.wav,3176-2_8.wav,1,0,0.20810918509960175,0.2691883444786072,false_negative,nsc_pt3.F.18_25.MALAY,F,18_25,MALAY
3176-2_2.wav,3176-2_9.wav,1,0,0.10162762552499771,0.2691883444786072,false_negative,nsc_pt3.F.18_25.MALAY,F,18_25,MALAY
3176-2_4.wav,3176-2_7.wav,1,0,0.2611072063446045,0.2691883444786072,false_negative,nsc_pt3.F.18_25.MALAY,F,18_25,MALAY
3001-2_5.wav,3121-1_6.wav,0,1,0.279409795999527,0.2691883444786072,false_positive,nsc_pt3.F.18_25.MALAY,F,18_25,MALAY
3001-2_6.wav,3148-1_8.wav,0,1,0.2757807672023773,0.2691883444786072,false_positive,nsc_pt3.F.18_25.MALAY,F,18_25,MALAY
3001-2_9.wav,3148-1_6.wav,0,1,0.3927205801010132,0.2691883444786072,false_positive,nsc_pt3.F.18_25.MALAY,F,18_25,MALAY
3067-1_1.wav,3121-1_5.wav,0,1,0.30597424507141113,0.2691883444786072,false_positive,nsc_pt3.F.18_25.MALAY,F,18_25,MALAY
3067-1_2.wav,3147-2_10.wav,0,1,0.2731403708457947,0.2691883444786072,false_positive,nsc_pt3.F.18_25.MALAY,F,18_25,MALAY
3067-1_3.wav,3147-2_4.wav,0,1,0.3036479949951172,0.2691883444786072,false_positive,nsc_pt3.F.18_25.MALAY,F,18_25,MALAY
3067-1_3.wav,3121-1_10.wav,0,1,0.29573163390159607,0.2691883444786072,false_positive,nsc_pt3.F.18_25.MALAY,F,18_25,MALAY
3067-1_4.wav,3121-1_6.wav,0,1,0.30298805236816406,0.2691883444786072,false_positive,nsc_pt3.F.18_25.MALAY,F,18_25,MALAY
3067-1_8.wav,3148-1_2.wav,0,1,0.2740676999092102,0.2691883444786072,false_positive,nsc_pt3.F.18_25.MALAY,F,18_25,MALAY
3101-2_2.wav,3147-2_3.wav,0,1,0.271672785282135,0.2691883444786072,false_positive,nsc_pt3.F.18_25.MALAY,F,18_25,MALAY
3121-1_1.wav,3067-1_8.wav,0,1,0.3100573718547821,0.2691883444786072,false_positive,nsc_pt3.F.18_25.MALAY,F,18_25,MALAY
3121-1_10.wav,3147-2_5.wav,0,1,0.3174476623535156,0.2691883444786072,false_positive,nsc_pt3.F.18_25.MALAY,F,18_25,MALAY
3121-1_3.wav,3101-2_8.wav,0,1,0.2823389172554016,0.2691883444786072,false_positive,nsc_pt3.F.18_25.MALAY,F,18_25,MALAY
3121-1_4.wav,3101-2_9.wav,0,1,0.3115236759185791,0.2691883444786072,false_positive,nsc_pt3.F.18_25.MALAY,F,18_25,MALAY
3121-1_5.wav,3067-1_5.wav,0,1,0.3873547315597534,0.2691883444786072,false_positive,nsc_pt3.F.18_25.MALAY,F,18_25,MALAY
3121-1_7.wav,3148-1_5.wav,0,1,0.4369908571243286,0.2691883444786072,false_positive,nsc_pt3.F.18_25.MALAY,F,18_25,MALAY
3121-1_9.wav,3147-2_5.wav,0,1,0.3066740036010742,0.2691883444786072,false_positive,nsc_pt3.F.18_25.MALAY,F,18_25,MALAY
3121-1_9.wav,3067-1_4.wav,0,1,0.3060900568962097,0.2691883444786072,false_positive,nsc_pt3.F.18_25.MALAY,F,18_25,MALAY
3147-2_4.wav,3121-1_8.wav,0,1,0.35417672991752625,0.2691883444786072,false_positive,nsc_pt3.F.18_25.MALAY,F,18_25,MALAY
3147-2_5.wav,3121-1_9.wav,0,1,0.3066740036010742,0.2691883444786072,false_positive,nsc_pt3.F.18_25.MALAY,F,18_25,MALAY
3148-1_2.wav,3121-1_6.wav,0,1,0.35400834679603577,0.2691883444786072,false_positive,nsc_pt3.F.18_25.MALAY,F,18_25,MALAY
3148-1_5.wav,3121-1_1.wav,0,1,0.38160470128059387,0.2691883444786072,false_positive,nsc_pt3.F.18_25.MALAY,F,18_25,MALAY
3148-1_6.wav,3121-1_7.wav,0,1,0.3390502333641052,0.2691883444786072,false_positive,nsc_pt3.F.18_25.MALAY,F,18_25,MALAY
3148-1_6.wav,3101-2_4.wav,0,1,0.2951544523239136,0.2691883444786072,false_positive,nsc_pt3.F.18_25.MALAY,F,18_25,MALAY
3150-2_5.wav,3176-2_5.wav,0,1,0.31554076075553894,0.2691883444786072,false_positive,nsc_pt3.F.18_25.MALAY,F,18_25,MALAY
3150-2_6.wav,3176-2_3.wav,0,1,0.31005942821502686,0.2691883444786072,false_positive,nsc_pt3.F.18_25.MALAY,F,18_25,MALAY
3150-2_8.wav,3176-2_5.wav,0,1,0.34619438648223877,0.2691883444786072,false_positive,nsc_pt3.F.18_25.MALAY,F,18_25,MALAY
3176-2_4.wav,3150-2_10.wav,0,1,0.38930484652519226,0.2691883444786072,false_positive,nsc_pt3.F.18_25.MALAY,F,18_25,MALAY
3176-2_5.wav,3150-2_5.wav,0,1,0.31554076075553894,0.2691883444786072,false_positive,nsc_pt3.F.18_25.MALAY,F,18_25,MALAY
3176-2_8.wav,3150-2_8.wav,0,1,0.3119143545627594,0.2691883444786072,false_positive,nsc_pt3.F.18_25.MALAY,F,18_25,MALAY
3014-2_4.wav,3014-2_5.wav,1,0,0.23290614783763885,0.2691883444786072,false_negative,nsc_pt3.F.35_45.CHINESE,F,35_45,CHINESE
3014-2_4.wav,3014-2_7.wav,1,0,0.18654368817806244,0.2691883444786072,false_negative,nsc_pt3.F.35_45.CHINESE,F,35_45,CHINESE
3044-1_10.wav,3044-1_4.wav,1,0,0.26019221544265747,0.2691883444786072,false_negative,nsc_pt3.F.35_45.CHINESE,F,35_45,CHINESE
3044-1_10.wav,3044-1_9.wav,1,0,0.19156867265701294,0.2691883444786072,false_negative,nsc_pt3.F.35_45.CHINESE,F,35_45,CHINESE
3044-1_2.wav,3044-1_9.wav,1,0,0.18275246024131775,0.2691883444786072,false_negative,nsc_pt3.F.35_45.CHINESE,F,35_45,CHINESE
3044-1_3.wav,3044-1_9.wav,1,0,0.22875690460205078,0.2691883444786072,false_negative,nsc_pt3.F.35_45.CHINESE,F,35_45,CHINESE
3044-1_4.wav,3044-1_9.wav,1,0,0.06971734017133713,0.2691883444786072,false_negative,nsc_pt3.F.35_45.CHINESE,F,35_45,CHINESE
3044-1_5.wav,3044-1_9.wav,1,0,0.17837616801261902,0.2691883444786072,false_negative,nsc_pt3.F.35_45.CHINESE,F,35_45,CHINESE
3044-1_6.wav,3044-1_9.wav,1,0,0.25742512941360474,0.2691883444786072,false_negative,nsc_pt3.F.35_45.CHINESE,F,35_45,CHINESE
3044-1_7.wav,3044-1_9.wav,1,0,0.10051151365041733,0.2691883444786072,false_negative,nsc_pt3.F.35_45.CHINESE,F,35_45,CHINESE
3044-1_8.wav,3044-1_9.wav,1,0,0.17525790631771088,0.2691883444786072,false_negative,nsc_pt3.F.35_45.CHINESE,F,35_45,CHINESE
3066-2_2.wav,3066-2_7.wav,1,0,0.19020257890224457,0.2691883444786072,false_negative,nsc_pt3.F.35_45.CHINESE,F,35_45,CHINESE
3066-2_6.wav,3066-2_7.wav,1,0,0.20476068556308746,0.2691883444786072,false_negative,nsc_pt3.F.35_45.CHINESE,F,35_45,CHINESE
3139-1_2.wav,3139-1_5.wav,1,0,0.21292102336883545,0.2691883444786072,false_negative,nsc_pt3.F.35_45.CHINESE,F,35_45,CHINESE
3139-1_3.wav,3139-1_5.wav,1,0,0.2621702551841736,0.2691883444786072,false_negative,nsc_pt3.F.35_45.CHINESE,F,35_45,CHINESE
3139-1_4.wav,3139-1_5.wav,1,0,0.21097686886787415,0.2691883444786072,false_negative,nsc_pt3.F.35_45.CHINESE,F,35_45,CHINESE
3139-1_5.wav,3139-1_7.wav,1,0,0.22436080873012543,0.2691883444786072,false_negative,nsc_pt3.F.35_45.CHINESE,F,35_45,CHINESE
3139-1_5.wav,3139-1_9.wav,1,0,0.2606029510498047,0.2691883444786072,false_negative,nsc_pt3.F.35_45.CHINESE,F,35_45,CHINESE
3157-1_10.wav,3157-1_7.wav,1,0,0.23081114888191223,0.2691883444786072,false_negative,nsc_pt3.F.35_45.CHINESE,F,35_45,CHINESE
3014-2_1.wav,3044-1_1.wav,0,1,0.2870576083660126,0.2691883444786072,false_positive,nsc_pt3.F.35_45.CHINESE,F,35_45,CHINESE
3014-2_1.wav,3097-1_4.wav,0,1,0.42970770597457886,0.2691883444786072,false_positive,nsc_pt3.F.35_45.CHINESE,F,35_45,CHINESE
3014-2_10.wav,3044-1_8.wav,0,1,0.4217213988304138,0.2691883444786072,false_positive,nsc_pt3.F.35_45.CHINESE,F,35_45,CHINESE
3014-2_10.wav,3066-2_1.wav,0,1,0.29088345170021057,0.2691883444786072,false_positive,nsc_pt3.F.35_45.CHINESE,F,35_45,CHINESE
3014-2_2.wav,3066-2_6.wav,0,1,0.42058542370796204,0.2691883444786072,false_positive,nsc_pt3.F.35_45.CHINESE,F,35_45,CHINESE
3014-2_3.wav,3066-2_1.wav,0,1,0.27466586232185364,0.2691883444786072,false_positive,nsc_pt3.F.35_45.CHINESE,F,35_45,CHINESE
3014-2_3.wav,3044-1_8.wav,0,1,0.35280561447143555,0.2691883444786072,false_positive,nsc_pt3.F.35_45.CHINESE,F,35_45,CHINESE
3014-2_5.wav,3066-2_1.wav,0,1,0.31114864349365234,0.2691883444786072,false_positive,nsc_pt3.F.35_45.CHINESE,F,35_45,CHINESE
3014-2_6.wav,3066-2_3.wav,0,1,0.32041943073272705,0.2691883444786072,false_positive,nsc_pt3.F.35_45.CHINESE,F,35_45,CHINESE
3014-2_6.wav,3097-1_2.wav,0,1,0.28637248277664185,0.2691883444786072,false_positive,nsc_pt3.F.35_45.CHINESE,F,35_45,CHINESE
3014-2_8.wav,3097-1_4.wav,0,1,0.43803590536117554,0.2691883444786072,false_positive,nsc_pt3.F.35_45.CHINESE,F,35_45,CHINESE
3044-1_2.wav,3097-1_5.wav,0,1,0.28260040283203125,0.2691883444786072,false_positive,nsc_pt3.F.35_45.CHINESE,F,35_45,CHINESE
3044-1_6.wav,3014-2_10.wav,0,1,0.287335604429245,0.2691883444786072,false_positive,nsc_pt3.F.35_45.CHINESE,F,35_45,CHINESE
3044-1_7.wav,3014-2_1.wav,0,1,0.44317182898521423,0.2691883444786072,false_positive,nsc_pt3.F.35_45.CHINESE,F,35_45,CHINESE
3044-1_7.wav,3156-1_8.wav,0,1,0.27942320704460144,0.2691883444786072,false_positive,nsc_pt3.F.35_45.CHINESE,F,35_45,CHINESE
3044-1_8.wav,3014-2_3.wav,0,1,0.35280561447143555,0.2691883444786072,false_positive,nsc_pt3.F.35_45.CHINESE,F,35_45,CHINESE
3066-2_1.wav,3014-2_1.wav,0,1,0.3458516299724579,0.2691883444786072,false_positive,nsc_pt3.F.35_45.CHINESE,F,35_45,CHINESE
3066-2_1.wav,3139-1_1.wav,0,1,0.30081743001937866,0.2691883444786072,false_positive,nsc_pt3.F.35_45.CHINESE,F,35_45,CHINESE
3066-2_10.wav,3139-1_1.wav,0,1,0.31603991985321045,0.2691883444786072,false_positive,nsc_pt3.F.35_45.CHINESE,F,35_45,CHINESE
3066-2_2.wav,3014-2_6.wav,0,1,0.29195958375930786,0.2691883444786072,false_positive,nsc_pt3.F.35_45.CHINESE,F,35_45,CHINESE
3066-2_3.wav,3014-2_3.wav,0,1,0.28657087683677673,0.2691883444786072,false_positive,nsc_pt3.F.35_45.CHINESE,F,35_45,CHINESE
3066-2_4.wav,3139-1_7.wav,0,1,0.27339184284210205,0.2691883444786072,false_positive,nsc_pt3.F.35_45.CHINESE,F,35_45,CHINESE
3066-2_6.wav,3014-2_10.wav,0,1,0.31999510526657104,0.2691883444786072,false_positive,nsc_pt3.F.35_45.CHINESE,F,35_45,CHINESE
3066-2_6.wav,3139-1_2.wav,0,1,0.38676556944847107,0.2691883444786072,false_positive,nsc_pt3.F.35_45.CHINESE,F,35_45,CHINESE
3066-2_7.wav,3128-1_5.wav,0,1,0.29491904377937317,0.2691883444786072,false_positive,nsc_pt3.F.35_45.CHINESE,F,35_45,CHINESE
3066-2_8.wav,3139-1_4.wav,0,1,0.43066200613975525,0.2691883444786072,false_positive,nsc_pt3.F.35_45.CHINESE,F,35_45,CHINESE
3066-2_9.wav,3139-1_3.wav,0,1,0.3135417103767395,0.2691883444786072,false_positive,nsc_pt3.F.35_45.CHINESE,F,35_45,CHINESE
3097-1_1.wav,3014-2_6.wav,0,1,0.3277321457862854,0.2691883444786072,false_positive,nsc_pt3.F.35_45.CHINESE,F,35_45,CHINESE
3097-1_4.wav,3014-2_8.wav,0,1,0.43803590536117554,0.2691883444786072,false_positive,nsc_pt3.F.35_45.CHINESE,F,35_45,CHINESE
3097-1_5.wav,3014-2_9.wav,0,1,0.3621927499771118,0.2691883444786072,false_positive,nsc_pt3.F.35_45.CHINESE,F,35_45,CHINESE
3097-1_7.wav,3044-1_7.wav,0,1,0.3010622560977936,0.2691883444786072,false_positive,nsc_pt3.F.35_45.CHINESE,F,35_45,CHINESE
3128-1_10.wav,3097-1_7.wav,0,1,0.30624961853027344,0.2691883444786072,false_positive,nsc_pt3.F.35_45.CHINESE,F,35_45,CHINESE
3128-1_10.wav,3044-1_8.wav,0,1,0.3173849880695343,0.2691883444786072,false_positive,nsc_pt3.F.35_45.CHINESE,F,35_45,CHINESE
3128-1_4.wav,3044-1_2.wav,0,1,0.2850855886936188,0.2691883444786072,false_positive,nsc_pt3.F.35_45.CHINESE,F,35_45,CHINESE
3128-1_4.wav,3156-1_7.wav,0,1,0.3139825761318207,0.2691883444786072,false_positive,nsc_pt3.F.35_45.CHINESE,F,35_45,CHINESE
3128-1_6.wav,3044-1_1.wav,0,1,0.35567590594291687,0.2691883444786072,false_positive,nsc_pt3.F.35_45.CHINESE,F,35_45,CHINESE
3128-1_7.wav,3014-2_1.wav,0,1,0.2961086332798004,0.2691883444786072,false_positive,nsc_pt3.F.35_45.CHINESE,F,35_45,CHINESE
3128-1_9.wav,3044-1_2.wav,0,1,0.27779072523117065,0.2691883444786072,false_positive,nsc_pt3.F.35_45.CHINESE,F,35_45,CHINESE
3139-1_1.wav,3066-2_9.wav,0,1,0.33731019496917725,0.2691883444786072,false_positive,nsc_pt3.F.35_45.CHINESE,F,35_45,CHINESE
3139-1_2.wav,3066-2_10.wav,0,1,0.36667054891586304,0.2691883444786072,false_positive,nsc_pt3.F.35_45.CHINESE,F,35_45,CHINESE
3139-1_7.wav,3066-2_10.wav,0,1,0.28145986795425415,0.2691883444786072,false_positive,nsc_pt3.F.35_45.CHINESE,F,35_45,CHINESE
3156-1_4.wav,3014-2_6.wav,0,1,0.27259546518325806,0.2691883444786072,false_positive,nsc_pt3.F.35_45.CHINESE,F,35_45,CHINESE
3156-1_5.wav,3044-1_6.wav,0,1,0.37488704919815063,0.2691883444786072,false_positive,nsc_pt3.F.35_45.CHINESE,F,35_45,CHINESE
3156-1_6.wav,3044-1_7.wav,0,1,0.2921038269996643,0.2691883444786072,false_positive,nsc_pt3.F.35_45.CHINESE,F,35_45,CHINESE
3156-1_8.wav,3066-2_7.wav,0,1,0.2768067419528961,0.2691883444786072,false_positive,nsc_pt3.F.35_45.CHINESE,F,35_45,CHINESE
3145-1_1.wav,3145-1_6.wav,1,0,0.19881603121757507,0.2691883444786072,false_negative,nsc_pt3.F.35_45.INDIAN,F,35_45,INDIAN
3145-1_10.wav,3145-1_4.wav,1,0,0.1728297472000122,0.2691883444786072,false_negative,nsc_pt3.F.35_45.INDIAN,F,35_45,INDIAN
3145-1_10.wav,3145-1_6.wav,1,0,0.08379799127578735,0.2691883444786072,false_negative,nsc_pt3.F.35_45.INDIAN,F,35_45,INDIAN
3145-1_2.wav,3145-1_6.wav,1,0,0.1924005001783371,0.2691883444786072,false_negative,nsc_pt3.F.35_45.INDIAN,F,35_45,INDIAN
3145-1_3.wav,3145-1_6.wav,1,0,0.18609769642353058,0.2691883444786072,false_negative,nsc_pt3.F.35_45.INDIAN,F,35_45,INDIAN
3145-1_4.wav,3145-1_6.wav,1,0,0.25285130739212036,0.2691883444786072,false_negative,nsc_pt3.F.35_45.INDIAN,F,35_45,INDIAN
3145-1_5.wav,3145-1_6.wav,1,0,0.23929846286773682,0.2691883444786072,false_negative,nsc_pt3.F.35_45.INDIAN,F,35_45,INDIAN
3145-1_6.wav,3145-1_7.wav,1,0,0.03696834295988083,0.2691883444786072,false_negative,nsc_pt3.F.35_45.INDIAN,F,35_45,INDIAN
3145-1_6.wav,3145-1_8.wav,1,0,0.13069547712802887,0.2691883444786072,false_negative,nsc_pt3.F.35_45.INDIAN,F,35_45,INDIAN
3145-1_6.wav,3145-1_9.wav,1,0,0.17332574725151062,0.2691883444786072,false_negative,nsc_pt3.F.35_45.INDIAN,F,35_45,INDIAN
3239-2_10.wav,3239-2_3.wav,1,0,0.23348508775234222,0.2691883444786072,false_negative,nsc_pt3.F.35_45.INDIAN,F,35_45,INDIAN
3245-1_4.wav,3245-1_6.wav,1,0,0.23462817072868347,0.2691883444786072,false_negative,nsc_pt3.F.35_45.INDIAN,F,35_45,INDIAN
3267-1_6.wav,3267-1_8.wav,1,0,0.2350887954235077,0.2691883444786072,false_negative,nsc_pt3.F.35_45.INDIAN,F,35_45,INDIAN
3267-1_7.wav,3267-1_8.wav,1,0,0.10583189129829407,0.2691883444786072,false_negative,nsc_pt3.F.35_45.INDIAN,F,35_45,INDIAN
3273-1_5.wav,3273-1_6.wav,1,0,0.2638220191001892,0.2691883444786072,false_negative,nsc_pt3.F.35_45.INDIAN,F,35_45,INDIAN
3256-1_10.wav,3145-1_4.wav,0,1,0.30349934101104736,0.2691883444786072,false_positive,nsc_pt3.F.35_45.INDIAN,F,35_45,INDIAN
3256-1_2.wav,3145-1_4.wav,0,1,0.30116593837738037,0.2691883444786072,false_positive,nsc_pt3.F.35_45.INDIAN,F,35_45,INDIAN
3267-1_3.wav,3273-1_8.wav,0,1,0.3159710466861725,0.2691883444786072,false_positive,nsc_pt3.F.35_45.INDIAN,F,35_45,INDIAN
3273-1_10.wav,3256-2_10.wav,0,1,0.34697186946868896,0.2691883444786072,false_positive,nsc_pt3.F.35_45.INDIAN,F,35_45,INDIAN
3151-1_1.wav,3151-1_10.wav,1,0,-0.00923054851591587,0.2691883444786072,false_negative,nsc_pt3.F.35_45.MALAY,F,35_45,MALAY
3151-1_1.wav,3151-1_2.wav,1,0,-0.14604687690734863,0.2691883444786072,false_negative,nsc_pt3.F.35_45.MALAY,F,35_45,MALAY
3151-1_1.wav,3151-1_3.wav,1,0,-0.009155248291790485,0.2691883444786072,false_negative,nsc_pt3.F.35_45.MALAY,F,35_45,MALAY
3151-1_1.wav,3151-1_4.wav,1,0,-0.012328486889600754,0.2691883444786072,false_negative,nsc_pt3.F.35_45.MALAY,F,35_45,MALAY
3151-1_1.wav,3151-1_5.wav,1,0,-0.05462092161178589,0.2691883444786072,false_negative,nsc_pt3.F.35_45.MALAY,F,35_45,MALAY
3151-1_1.wav,3151-1_7.wav,1,0,-0.03769587725400925,0.2691883444786072,false_negative,nsc_pt3.F.35_45.MALAY,F,35_45,MALAY
3151-1_1.wav,3151-1_8.wav,1,0,-0.04195132106542587,0.2691883444786072,false_negative,nsc_pt3.F.35_45.MALAY,F,35_45,MALAY
3151-1_1.wav,3151-1_9.wav,1,0,-0.05232711881399155,0.2691883444786072,false_negative,nsc_pt3.F.35_45.MALAY,F,35_45,MALAY
3151-1_10.wav,3151-1_6.wav,1,0,-0.009230533614754677,0.2691883444786072,false_negative,nsc_pt3.F.35_45.MALAY,F,35_45,MALAY
3151-1_2.wav,3151-1_6.wav,1,0,-0.14604687690734863,0.2691883444786072,false_negative,nsc_pt3.F.35_45.MALAY,F,35_45,MALAY
3151-1_3.wav,3151-1_6.wav,1,0,-0.009155288338661194,0.2691883444786072,false_negative,nsc_pt3.F.35_45.MALAY,F,35_45,MALAY
3151-1_4.wav,3151-1_6.wav,1,0,-0.01232849806547165,0.2691883444786072,false_negative,nsc_pt3.F.35_45.MALAY,F,35_45,MALAY
3151-1_5.wav,3151-1_6.wav,1,0,-0.05462096631526947,0.2691883444786072,false_negative,nsc_pt3.F.35_45.MALAY,F,35_45,MALAY
3151-1_6.wav,3151-1_7.wav,1,0,-0.03769586980342865,0.2691883444786072,false_negative,nsc_pt3.F.35_45.MALAY,F,35_45,MALAY
3151-1_6.wav,3151-1_8.wav,1,0,-0.04195133596658707,0.2691883444786072,false_negative,nsc_pt3.F.35_45.MALAY,F,35_45,MALAY
3151-1_6.wav,3151-1_9.wav,1,0,-0.05232714116573334,0.2691883444786072,false_negative,nsc_pt3.F.35_45.MALAY,F,35_45,MALAY
3178-1_6.wav,3178-1_8.wav,1,0,0.2583191394805908,0.2691883444786072,false_negative,nsc_pt3.F.35_45.MALAY,F,35_45,MALAY
3178-1_7.wav,3178-1_8.wav,1,0,0.24838890135288239,0.2691883444786072,false_negative,nsc_pt3.F.35_45.MALAY,F,35_45,MALAY
3228-2_1.wav,3228-2_7.wav,1,0,0.1468035727739334,0.2691883444786072,false_negative,nsc_pt3.F.35_45.MALAY,F,35_45,MALAY
3228-2_10.wav,3228-2_5.wav,1,0,0.23263399302959442,0.2691883444786072,false_negative,nsc_pt3.F.35_45.MALAY,F,35_45,MALAY
3228-2_10.wav,3228-2_7.wav,1,0,0.2561492621898651,0.2691883444786072,false_negative,nsc_pt3.F.35_45.MALAY,F,35_45,MALAY
3228-2_2.wav,3228-2_5.wav,1,0,0.20117419958114624,0.2691883444786072,false_negative,nsc_pt3.F.35_45.MALAY,F,35_45,MALAY
3228-2_3.wav,3228-2_7.wav,1,0,0.2505893111228943,0.2691883444786072,false_negative,nsc_pt3.F.35_45.MALAY,F,35_45,MALAY
3228-2_4.wav,3228-2_7.wav,1,0,0.20868659019470215,0.2691883444786072,false_negative,nsc_pt3.F.35_45.MALAY,F,35_45,MALAY
3228-2_5.wav,3228-2_7.wav,1,0,0.22801747918128967,0.2691883444786072,false_negative,nsc_pt3.F.35_45.MALAY,F,35_45,MALAY
3151-1_10.wav,3178-1_10.wav,0,1,0.2746003568172455,0.2691883444786072,false_positive,nsc_pt3.F.35_45.MALAY,F,35_45,MALAY
3151-1_7.wav,3228-2_1.wav,0,1,0.336847186088562,0.2691883444786072,false_positive,nsc_pt3.F.35_45.MALAY,F,35_45,MALAY
3151-1_7.wav,3178-1_4.wav,0,1,0.31297045946121216,0.2691883444786072,false_positive,nsc_pt3.F.35_45.MALAY,F,35_45,MALAY
3151-1_8.wav,3171-2_7.wav,0,1,0.2830014228820801,0.2691883444786072,false_positive,nsc_pt3.F.35_45.MALAY,F,35_45,MALAY
3171-1_1.wav,3231-1_2.wav,0,1,0.37936264276504517,0.2691883444786072,false_positive,nsc_pt3.F.35_45.MALAY,F,35_45,MALAY
3171-2_1.wav,3228-2_3.wav,0,1,0.28470006585121155,0.2691883444786072,false_positive,nsc_pt3.F.35_45.MALAY,F,35_45,MALAY
3171-2_10.wav,3230-2_9.wav,0,1,0.36447861790657043,0.2691883444786072,false_positive,nsc_pt3.F.35_45.MALAY,F,35_45,MALAY
3171-2_3.wav,3230-2_4.wav,0,1,0.30759233236312866,0.2691883444786072,false_positive,nsc_pt3.F.35_45.MALAY,F,35_45,MALAY
3171-2_3.wav,3178-1_3.wav,0,1,0.27569305896759033,0.2691883444786072,false_positive,nsc_pt3.F.35_45.MALAY,F,35_45,MALAY
3171-2_3.wav,3228-2_7.wav,0,1,0.32075509428977966,0.2691883444786072,false_positive,nsc_pt3.F.35_45.MALAY,F,35_45,MALAY
3171-2_4.wav,3230-2_7.wav,0,1,0.29068806767463684,0.2691883444786072,false_positive,nsc_pt3.F.35_45.MALAY,F,35_45,MALAY
3171-2_4.wav,3228-2_9.wav,0,1,0.28224319219589233,0.2691883444786072,false_positive,nsc_pt3.F.35_45.MALAY,F,35_45,MALAY
3171-2_6.wav,3178-1_8.wav,0,1,0.2934662401676178,0.2691883444786072,false_positive,nsc_pt3.F.35_45.MALAY,F,35_45,MALAY
3171-2_7.wav,3178-1_8.wav,0,1,0.2757410705089569,0.2691883444786072,false_positive,nsc_pt3.F.35_45.MALAY,F,35_45,MALAY
3171-2_9.wav,3230-2_9.wav,0,1,0.3069767355918884,0.2691883444786072,false_positive,nsc_pt3.F.35_45.MALAY,F,35_45,MALAY
3171-2_9.wav,3151-1_8.wav,0,1,0.3173230290412903,0.2691883444786072,false_positive,nsc_pt3.F.35_45.MALAY,F,35_45,MALAY
3178-1_10.wav,3171-2_10.wav,0,1,0.2840721607208252,0.2691883444786072,false_positive,nsc_pt3.F.35_45.MALAY,F,35_45,MALAY
3178-1_10.wav,3151-1_4.wav,0,1,0.35164907574653625,0.2691883444786072,false_positive,nsc_pt3.F.35_45.MALAY,F,35_45,MALAY
3178-1_3.wav,3228-2_7.wav,0,1,0.31077566742897034,0.2691883444786072,false_positive,nsc_pt3.F.35_45.MALAY,F,35_45,MALAY
3178-1_3.wav,3151-1_4.wav,0,1,0.31117576360702515,0.2691883444786072,false_positive,nsc_pt3.F.35_45.MALAY,F,35_45,MALAY
3178-1_4.wav,3171-2_7.wav,0,1,0.27730274200439453,0.2691883444786072,false_positive,nsc_pt3.F.35_45.MALAY,F,35_45,MALAY
3178-1_4.wav,3228-2_7.wav,0,1,0.2851139008998871,0.2691883444786072,false_positive,nsc_pt3.F.35_45.MALAY,F,35_45,MALAY
3178-1_4.wav,3151-1_7.wav,0,1,0.31297045946121216,0.2691883444786072,false_positive,nsc_pt3.F.35_45.MALAY,F,35_45,MALAY
3228-2_3.wav,3230-2_6.wav,0,1,0.2846429646015167,0.2691883444786072,false_positive,nsc_pt3.F.35_45.MALAY,F,35_45,MALAY
3228-2_3.wav,3171-2_8.wav,0,1,0.3371439278125763,0.2691883444786072,false_positive,nsc_pt3.F.35_45.MALAY,F,35_45,MALAY
3228-2_5.wav,3230-2_10.wav,0,1,0.43311575055122375,0.2691883444786072,false_positive,nsc_pt3.F.35_45.MALAY,F,35_45,MALAY
3228-2_7.wav,3171-2_2.wav,0,1,0.27073830366134644,0.2691883444786072,false_positive,nsc_pt3.F.35_45.MALAY,F,35_45,MALAY
3230-2_1.wav,3151-1_4.wav,0,1,0.28942930698394775,0.2691883444786072,false_positive,nsc_pt3.F.35_45.MALAY,F,35_45,MALAY
3230-2_4.wav,3228-2_3.wav,0,1,0.3713802993297577,0.2691883444786072,false_positive,nsc_pt3.F.35_45.MALAY,F,35_45,MALAY
3230-2_4.wav,3171-2_9.wav,0,1,0.28574416041374207,0.2691883444786072,false_positive,nsc_pt3.F.35_45.MALAY,F,35_45,MALAY
3230-2_5.wav,3171-2_9.wav,0,1,0.2799544334411621,0.2691883444786072,false_positive,nsc_pt3.F.35_45.MALAY,F,35_45,MALAY
3230-2_6.wav,3228-2_3.wav,0,1,0.2846429646015167,0.2691883444786072,false_positive,nsc_pt3.F.35_45.MALAY,F,35_45,MALAY
3230-2_9.wav,3228-2_7.wav,0,1,0.29014652967453003,0.2691883444786072,false_positive,nsc_pt3.F.35_45.MALAY,F,35_45,MALAY
3231-1_2.wav,3171-1_5.wav,0,1,0.368568480014801,0.2691883444786072,false_positive,nsc_pt3.F.35_45.MALAY,F,35_45,MALAY
3231-1_9.wav,3228-2_4.wav,0,1,0.33457452058792114,0.2691883444786072,false_positive,nsc_pt3.F.35_45.MALAY,F,35_45,MALAY
3252-2_3.wav,3228-2_3.wav,0,1,0.3552721440792084,0.2691883444786072,false_positive,nsc_pt3.F.35_45.MALAY,F,35_45,MALAY
3252-2_7.wav,3178-1_6.wav,0,1,0.326785147190094,0.2691883444786072,false_positive,nsc_pt3.F.35_45.MALAY,F,35_45,MALAY
3252-2_9.wav,3228-2_8.wav,0,1,0.35703733563423157,0.2691883444786072,false_positive,nsc_pt3.F.35_45.MALAY,F,35_45,MALAY
3050-1_3.wav,3050-1_4.wav,1,0,0.21992582082748413,0.2691883444786072,false_negative,nsc_pt3.M.18_25.CHINESE,M,18_25,CHINESE
3053-1_1.wav,3053-1_3.wav,1,0,0.10531878471374512,0.2691883444786072,false_negative,nsc_pt3.M.18_25.CHINESE,M,18_25,CHINESE
3053-1_10.wav,3053-1_3.wav,1,0,0.15745103359222412,0.2691883444786072,false_negative,nsc_pt3.M.18_25.CHINESE,M,18_25,CHINESE
3053-1_2.wav,3053-1_3.wav,1,0,0.1883547157049179,0.2691883444786072,false_negative,nsc_pt3.M.18_25.CHINESE,M,18_25,CHINESE
3053-1_2.wav,3053-1_5.wav,1,0,0.251778244972229,0.2691883444786072,false_negative,nsc_pt3.M.18_25.CHINESE,M,18_25,CHINESE
3053-1_2.wav,3053-1_9.wav,1,0,0.23732849955558777,0.2691883444786072,false_negative,nsc_pt3.M.18_25.CHINESE,M,18_25,CHINESE
3053-1_3.wav,3053-1_4.wav,1,0,0.17769329249858856,0.2691883444786072,false_negative,nsc_pt3.M.18_25.CHINESE,M,18_25,CHINESE
3053-1_3.wav,3053-1_5.wav,1,0,0.05726277828216553,0.2691883444786072,false_negative,nsc_pt3.M.18_25.CHINESE,M,18_25,CHINESE
3053-1_3.wav,3053-1_6.wav,1,0,0.06546682119369507,0.2691883444786072,false_negative,nsc_pt3.M.18_25.CHINESE,M,18_25,CHINESE
3053-1_3.wav,3053-1_7.wav,1,0,0.04003189131617546,0.2691883444786072,false_negative,nsc_pt3.M.18_25.CHINESE,M,18_25,CHINESE
3053-1_3.wav,3053-1_8.wav,1,0,0.13939502835273743,0.2691883444786072,false_negative,nsc_pt3.M.18_25.CHINESE,M,18_25,CHINESE
3053-1_3.wav,3053-1_9.wav,1,0,0.018048182129859924,0.2691883444786072,false_negative,nsc_pt3.M.18_25.CHINESE,M,18_25,CHINESE
3053-1_5.wav,3053-1_6.wav,1,0,0.16469019651412964,0.2691883444786072,false_negative,nsc_pt3.M.18_25.CHINESE,M,18_25,CHINESE
3077-1_4.wav,3077-1_9.wav,1,0,0.2583965063095093,0.2691883444786072,false_negative,nsc_pt3.M.18_25.CHINESE,M,18_25,CHINESE
3077-1_6.wav,3077-1_9.wav,1,0,0.22745603322982788,0.2691883444786072,false_negative,nsc_pt3.M.18_25.CHINESE,M,18_25,CHINESE
3099-2_1.wav,3099-2_8.wav,1,0,0.0885964184999466,0.2691883444786072,false_negative,nsc_pt3.M.18_25.CHINESE,M,18_25,CHINESE
3099-2_10.wav,3099-2_8.wav,1,0,0.10655972361564636,0.2691883444786072,false_negative,nsc_pt3.M.18_25.CHINESE,M,18_25,CHINESE
3099-2_2.wav,3099-2_8.wav,1,0,0.09607039391994476,0.2691883444786072,false_negative,nsc_pt3.M.18_25.CHINESE,M,18_25,CHINESE
3099-2_2.wav,3099-2_9.wav,1,0,0.19267499446868896,0.2691883444786072,false_negative,nsc_pt3.M.18_25.CHINESE,M,18_25,CHINESE
3099-2_3.wav,3099-2_5.wav,1,0,0.21845471858978271,0.2691883444786072,false_negative,nsc_pt3.M.18_25.CHINESE,M,18_25,CHINESE
3099-2_3.wav,3099-2_6.wav,1,0,0.2574765086174011,0.2691883444786072,false_negative,nsc_pt3.M.18_25.CHINESE,M,18_25,CHINESE
3099-2_3.wav,3099-2_8.wav,1,0,0.1596471667289734,0.2691883444786072,false_negative,nsc_pt3.M.18_25.CHINESE,M,18_25,CHINESE
3099-2_3.wav,3099-2_9.wav,1,0,0.16290031373500824,0.2691883444786072,false_negative,nsc_pt3.M.18_25.CHINESE,M,18_25,CHINESE
3099-2_4.wav,3099-2_8.wav,1,0,0.004625335335731506,0.2691883444786072,false_negative,nsc_pt3.M.18_25.CHINESE,M,18_25,CHINESE
3099-2_4.wav,3099-2_9.wav,1,0,0.20116087794303894,0.2691883444786072,false_negative,nsc_pt3.M.18_25.CHINESE,M,18_25,CHINESE
3099-2_5.wav,3099-2_8.wav,1,0,0.10481615364551544,0.2691883444786072,false_negative,nsc_pt3.M.18_25.CHINESE,M,18_25,CHINESE
3099-2_5.wav,3099-2_9.wav,1,0,0.12142177671194077,0.2691883444786072,false_negative,nsc_pt3.M.18_25.CHINESE,M,18_25,CHINESE
3099-2_6.wav,3099-2_8.wav,1,0,0.02401348203420639,0.2691883444786072,false_negative,nsc_pt3.M.18_25.CHINESE,M,18_25,CHINESE
3099-2_6.wav,3099-2_9.wav,1,0,0.19979417324066162,0.2691883444786072,false_negative,nsc_pt3.M.18_25.CHINESE,M,18_25,CHINESE
3099-2_7.wav,3099-2_8.wav,1,0,0.1454920768737793,0.2691883444786072,false_negative,nsc_pt3.M.18_25.CHINESE,M,18_25,CHINESE
3099-2_7.wav,3099-2_9.wav,1,0,0.15116053819656372,0.2691883444786072,false_negative,nsc_pt3.M.18_25.CHINESE,M,18_25,CHINESE
3099-2_8.wav,3099-2_9.wav,1,0,0.10797970741987228,0.2691883444786072,false_negative,nsc_pt3.M.18_25.CHINESE,M,18_25,CHINESE
3119-1_10.wav,3119-1_2.wav,1,0,0.21998491883277893,0.2691883444786072,false_negative,nsc_pt3.M.18_25.CHINESE,M,18_25,CHINESE
3119-1_10.wav,3119-1_3.wav,1,0,0.20947788655757904,0.2691883444786072,false_negative,nsc_pt3.M.18_25.CHINESE,M,18_25,CHINESE
3119-1_10.wav,3119-1_4.wav,1,0,0.22706690430641174,0.2691883444786072,false_negative,nsc_pt3.M.18_25.CHINESE,M,18_25,CHINESE
3119-1_10.wav,3119-1_5.wav,1,0,0.20030994713306427,0.2691883444786072,false_negative,nsc_pt3.M.18_25.CHINESE,M,18_25,CHINESE
3119-1_10.wav,3119-1_6.wav,1,0,0.16923485696315765,0.2691883444786072,false_negative,nsc_pt3.M.18_25.CHINESE,M,18_25,CHINESE
3119-1_10.wav,3119-1_7.wav,1,0,0.22334721684455872,0.2691883444786072,false_negative,nsc_pt3.M.18_25.CHINESE,M,18_25,CHINESE
3119-1_10.wav,3119-1_8.wav,1,0,0.19207142293453217,0.2691883444786072,false_negative,nsc_pt3.M.18_25.CHINESE,M,18_25,CHINESE
3001-1_2.wav,3119-1_7.wav,0,1,0.3093441128730774,0.2691883444786072,false_positive,nsc_pt3.M.18_25.CHINESE,M,18_25,CHINESE
3001-1_2.wav,3077-1_5.wav,0,1,0.2815380394458771,0.2691883444786072,false_positive,nsc_pt3.M.18_25.CHINESE,M,18_25,CHINESE
3001-1_3.wav,3077-1_8.wav,0,1,0.346973180770874,0.2691883444786072,false_positive,nsc_pt3.M.18_25.CHINESE,M,18_25,CHINESE
3001-1_3.wav,3164-2_4.wav,0,1,0.28904756903648376,0.2691883444786072,false_positive,nsc_pt3.M.18_25.CHINESE,M,18_25,CHINESE
3001-1_4.wav,3077-1_2.wav,0,1,0.48902997374534607,0.2691883444786072,false_positive,nsc_pt3.M.18_25.CHINESE,M,18_25,CHINESE
3001-1_8.wav,3119-1_9.wav,0,1,0.2937949001789093,0.2691883444786072,false_positive,nsc_pt3.M.18_25.CHINESE,M,18_25,CHINESE
3001-1_8.wav,3077-1_10.wav,0,1,0.3966345191001892,0.2691883444786072,false_positive,nsc_pt3.M.18_25.CHINESE,M,18_25,CHINESE
3001-1_8.wav,3164-2_1.wav,0,1,0.3001735806465149,0.2691883444786072,false_positive,nsc_pt3.M.18_25.CHINESE,M,18_25,CHINESE
3001-1_9.wav,3164-2_1.wav,0,1,0.2876451015472412,0.2691883444786072,false_positive,nsc_pt3.M.18_25.CHINESE,M,18_25,CHINESE
3001-1_9.wav,3077-1_1.wav,0,1,0.3703494668006897,0.2691883444786072,false_positive,nsc_pt3.M.18_25.CHINESE,M,18_25,CHINESE
3021-1_3.wav,3050-1_1.wav,0,1,0.30375194549560547,0.2691883444786072,false_positive,nsc_pt3.M.18_25.CHINESE,M,18_25,CHINESE
3021-1_3.wav,3053-1_4.wav,0,1,0.3094223737716675,0.2691883444786072,false_positive,nsc_pt3.M.18_25.CHINESE,M,18_25,CHINESE
3021-1_3.wav,3164-2_1.wav,0,1,0.2780073881149292,0.2691883444786072,false_positive,nsc_pt3.M.18_25.CHINESE,M,18_25,CHINESE
3021-1_4.wav,3050-1_1.wav,0,1,0.29267245531082153,0.2691883444786072,false_positive,nsc_pt3.M.18_25.CHINESE,M,18_25,CHINESE
3050-1_6.wav,3021-1_4.wav,0,1,0.2740166187286377,0.2691883444786072,false_positive,nsc_pt3.M.18_25.CHINESE,M,18_25,CHINESE
3050-1_7.wav,3021-1_10.wav,0,1,0.2865445911884308,0.2691883444786072,false_positive,nsc_pt3.M.18_25.CHINESE,M,18_25,CHINESE
3053-1_7.wav,3077-1_7.wav,0,1,0.2782910466194153,0.2691883444786072,false_positive,nsc_pt3.M.18_25.CHINESE,M,18_25,CHINESE
3053-1_8.wav,3164-2_4.wav,0,1,0.28454649448394775,0.2691883444786072,false_positive,nsc_pt3.M.18_25.CHINESE,M,18_25,CHINESE
3053-1_8.wav,3119-1_2.wav,0,1,0.3223241865634918,0.2691883444786072,false_positive,nsc_pt3.M.18_25.CHINESE,M,18_25,CHINESE
3053-1_9.wav,3164-2_2.wav,0,1,0.30492979288101196,0.2691883444786072,false_positive,nsc_pt3.M.18_25.CHINESE,M,18_25,CHINESE
3077-1_1.wav,3164-2_4.wav,0,1,0.40834563970565796,0.2691883444786072,false_positive,nsc_pt3.M.18_25.CHINESE,M,18_25,CHINESE
3077-1_1.wav,3001-1_5.wav,0,1,0.39813879132270813,0.2691883444786072,false_positive,nsc_pt3.M.18_25.CHINESE,M,18_25,CHINESE
3077-1_2.wav,3164-2_6.wav,0,1,0.26962974667549133,0.2691883444786072,false_positive,nsc_pt3.M.18_25.CHINESE,M,18_25,CHINESE
3077-1_2.wav,3001-1_4.wav,0,1,0.48902997374534607,0.2691883444786072,false_positive,nsc_pt3.M.18_25.CHINESE,M,18_25,CHINESE
3077-1_3.wav,3119-1_3.wav,0,1,0.4350590109825134,0.2691883444786072,false_positive,nsc_pt3.M.18_25.CHINESE,M,18_25,CHINESE
3077-1_4.wav,3119-1_9.wav,0,1,0.3231367766857147,0.2691883444786072,false_positive,nsc_pt3.M.18_25.CHINESE,M,18_25,CHINESE
3077-1_4.wav,3164-2_3.wav,0,1,0.330926775932312,0.2691883444786072,false_positive,nsc_pt3.M.18_25.CHINESE,M,18_25,CHINESE
3077-1_4.wav,3001-1_9.wav,0,1,0.3537582755088806,0.2691883444786072,false_positive,nsc_pt3.M.18_25.CHINESE,M,18_25,CHINESE
3077-1_6.wav,3119-1_9.wav,0,1,0.3045605719089508,0.2691883444786072,false_positive,nsc_pt3.M.18_25.CHINESE,M,18_25,CHINESE
3077-1_9.wav,3001-1_9.wav,0,1,0.3056257367134094,0.2691883444786072,false_positive,nsc_pt3.M.18_25.CHINESE,M,18_25,CHINESE
3099-2_1.wav,3119-1_1.wav,0,1,0.32162436842918396,0.2691883444786072,false_positive,nsc_pt3.M.18_25.CHINESE,M,18_25,CHINESE
3099-2_5.wav,3164-2_1.wav,0,1,0.27632421255111694,0.2691883444786072,false_positive,nsc_pt3.M.18_25.CHINESE,M,18_25,CHINESE
3099-2_5.wav,3119-1_4.wav,0,1,0.28552114963531494,0.2691883444786072,false_positive,nsc_pt3.M.18_25.CHINESE,M,18_25,CHINESE
3119-1_1.wav,3099-2_10.wav,0,1,0.2734065651893616,0.2691883444786072,false_positive,nsc_pt3.M.18_25.CHINESE,M,18_25,CHINESE
3119-1_2.wav,3001-1_1.wav,0,1,0.2779195010662079,0.2691883444786072,false_positive,nsc_pt3.M.18_25.CHINESE,M,18_25,CHINESE
3119-1_3.wav,3053-1_5.wav,0,1,0.3666943907737732,0.2691883444786072,false_positive,nsc_pt3.M.18_25.CHINESE,M,18_25,CHINESE
3119-1_3.wav,3077-1_8.wav,0,1,0.29266902804374695,0.2691883444786072,false_positive,nsc_pt3.M.18_25.CHINESE,M,18_25,CHINESE
3119-1_3.wav,3001-1_2.wav,0,1,0.3629186749458313,0.2691883444786072,false_positive,nsc_pt3.M.18_25.CHINESE,M,18_25,CHINESE
3119-1_5.wav,3050-1_10.wav,0,1,0.2699808180332184,0.2691883444786072,false_positive,nsc_pt3.M.18_25.CHINESE,M,18_25,CHINESE
3119-1_5.wav,3001-1_2.wav,0,1,0.2718241214752197,0.2691883444786072,false_positive,nsc_pt3.M.18_25.CHINESE,M,18_25,CHINESE
3119-1_7.wav,3077-1_6.wav,0,1,0.27537333965301514,0.2691883444786072,false_positive,nsc_pt3.M.18_25.CHINESE,M,18_25,CHINESE
3119-1_7.wav,3099-2_6.wav,0,1,0.2798916697502136,0.2691883444786072,false_positive,nsc_pt3.M.18_25.CHINESE,M,18_25,CHINESE
3164-2_1.wav,3077-1_8.wav,0,1,0.2854003310203552,0.2691883444786072,false_positive,nsc_pt3.M.18_25.CHINESE,M,18_25,CHINESE
3164-2_2.wav,3099-2_5.wav,0,1,0.3103041648864746,0.2691883444786072,false_positive,nsc_pt3.M.18_25.CHINESE,M,18_25,CHINESE
3164-2_3.wav,3119-1_6.wav,0,1,0.30959898233413696,0.2691883444786072,false_positive,nsc_pt3.M.18_25.CHINESE,M,18_25,CHINESE
3164-2_3.wav,3001-1_6.wav,0,1,0.286857008934021,0.2691883444786072,false_positive,nsc_pt3.M.18_25.CHINESE,M,18_25,CHINESE
3164-2_3.wav,3077-1_3.wav,0,1,0.3075987696647644,0.2691883444786072,false_positive,nsc_pt3.M.18_25.CHINESE,M,18_25,CHINESE
3164-2_4.wav,3001-1_2.wav,0,1,0.4313618242740631,0.2691883444786072,false_positive,nsc_pt3.M.18_25.CHINESE,M,18_25,CHINESE
3164-2_5.wav,3001-1_2.wav,0,1,0.33377736806869507,0.2691883444786072,false_positive,nsc_pt3.M.18_25.CHINESE,M,18_25,CHINESE
3164-2_7.wav,3053-1_10.wav,0,1,0.3925781846046448,0.2691883444786072,false_positive,nsc_pt3.M.18_25.CHINESE,M,18_25,CHINESE
3164-2_7.wav,3077-1_9.wav,0,1,0.27520668506622314,0.2691883444786072,false_positive,nsc_pt3.M.18_25.CHINESE,M,18_25,CHINESE
3164-2_9.wav,3001-1_4.wav,0,1,0.3964366912841797,0.2691883444786072,false_positive,nsc_pt3.M.18_25.CHINESE,M,18_25,CHINESE
3020-2_4.wav,3020-2_5.wav,1,0,0.2520635426044464,0.2691883444786072,false_negative,nsc_pt3.M.18_25.INDIAN,M,18_25,INDIAN
3148-2_1.wav,3148-2_5.wav,1,0,0.2687142491340637,0.2691883444786072,false_negative,nsc_pt3.M.18_25.INDIAN,M,18_25,INDIAN
3148-2_2.wav,3148-2_4.wav,1,0,0.160367950797081,0.2691883444786072,false_negative,nsc_pt3.M.18_25.INDIAN,M,18_25,INDIAN
3148-2_2.wav,3148-2_5.wav,1,0,0.22321398556232452,0.2691883444786072,false_negative,nsc_pt3.M.18_25.INDIAN,M,18_25,INDIAN
3148-2_4.wav,3148-2_5.wav,1,0,0.12161440402269363,0.2691883444786072,false_negative,nsc_pt3.M.18_25.INDIAN,M,18_25,INDIAN
3148-2_4.wav,3148-2_6.wav,1,0,0.13230392336845398,0.2691883444786072,false_negative,nsc_pt3.M.18_25.INDIAN,M,18_25,INDIAN
3148-2_5.wav,3148-2_7.wav,1,0,0.25155892968177795,0.2691883444786072,false_negative,nsc_pt3.M.18_25.INDIAN,M,18_25,INDIAN
3148-2_5.wav,3148-2_9.wav,1,0,0.21347105503082275,0.2691883444786072,false_negative,nsc_pt3.M.18_25.INDIAN,M,18_25,INDIAN
3217-1_1.wav,3217-1_8.wav,1,0,0.24381420016288757,0.2691883444786072,false_negative,nsc_pt3.M.18_25.INDIAN,M,18_25,INDIAN
3217-1_5.wav,3217-1_7.wav,1,0,0.22304318845272064,0.2691883444786072,false_negative,nsc_pt3.M.18_25.INDIAN,M,18_25,INDIAN
3217-1_5.wav,3217-1_8.wav,1,0,0.23238661885261536,0.2691883444786072,false_negative,nsc_pt3.M.18_25.INDIAN,M,18_25,INDIAN
3222-1_1.wav,3222-1_8.wav,1,0,0.23170556128025055,0.2691883444786072,false_negative,nsc_pt3.M.18_25.INDIAN,M,18_25,INDIAN
3222-1_1.wav,3222-1_9.wav,1,0,0.2582780122756958,0.2691883444786072,false_negative,nsc_pt3.M.18_25.INDIAN,M,18_25,INDIAN
3222-1_10.wav,3222-1_3.wav,1,0,0.2590325176715851,0.2691883444786072,false_negative,nsc_pt3.M.18_25.INDIAN,M,18_25,INDIAN
3222-1_10.wav,3222-1_4.wav,1,0,0.2679971754550934,0.2691883444786072,false_negative,nsc_pt3.M.18_25.INDIAN,M,18_25,INDIAN
3222-1_3.wav,3222-1_9.wav,1,0,0.23558640480041504,0.2691883444786072,false_negative,nsc_pt3.M.18_25.INDIAN,M,18_25,INDIAN
3222-1_4.wav,3222-1_9.wav,1,0,0.15166157484054565,0.2691883444786072,false_negative,nsc_pt3.M.18_25.INDIAN,M,18_25,INDIAN
3222-1_5.wav,3222-1_9.wav,1,0,0.14024625718593597,0.2691883444786072,false_negative,nsc_pt3.M.18_25.INDIAN,M,18_25,INDIAN
3222-1_7.wav,3222-1_9.wav,1,0,0.21512570977210999,0.2691883444786072,false_negative,nsc_pt3.M.18_25.INDIAN,M,18_25,INDIAN
3222-1_8.wav,3222-1_9.wav,1,0,0.16993695497512817,0.2691883444786072,false_negative,nsc_pt3.M.18_25.INDIAN,M,18_25,INDIAN
3228-1_1.wav,3228-1_3.wav,1,0,0.25754767656326294,0.2691883444786072,false_negative,nsc_pt3.M.18_25.INDIAN,M,18_25,INDIAN
3228-1_1.wav,3228-1_4.wav,1,0,0.23821008205413818,0.2691883444786072,false_negative,nsc_pt3.M.18_25.INDIAN,M,18_25,INDIAN
3228-1_1.wav,3228-1_7.wav,1,0,0.23466959595680237,0.2691883444786072,false_negative,nsc_pt3.M.18_25.INDIAN,M,18_25,INDIAN
3228-1_10.wav,3228-1_4.wav,1,0,0.1336502581834793,0.2691883444786072,false_negative,nsc_pt3.M.18_25.INDIAN,M,18_25,INDIAN
3228-1_10.wav,3228-1_7.wav,1,0,0.2129700928926468,0.2691883444786072,false_negative,nsc_pt3.M.18_25.INDIAN,M,18_25,INDIAN
3228-1_3.wav,3228-1_4.wav,1,0,0.22180865705013275,0.2691883444786072,false_negative,nsc_pt3.M.18_25.INDIAN,M,18_25,INDIAN
3228-1_3.wav,3228-1_8.wav,1,0,0.223897784948349,0.2691883444786072,false_negative,nsc_pt3.M.18_25.INDIAN,M,18_25,INDIAN
3236-1_1.wav,3236-1_2.wav,1,0,0.22400197386741638,0.2691883444786072,false_negative,nsc_pt3.M.18_25.INDIAN,M,18_25,INDIAN
3236-1_2.wav,3236-1_3.wav,1,0,0.2534295916557312,0.2691883444786072,false_negative,nsc_pt3.M.18_25.INDIAN,M,18_25,INDIAN
3236-1_3.wav,3236-1_4.wav,1,0,0.22238290309906006,0.2691883444786072,false_negative,nsc_pt3.M.18_25.INDIAN,M,18_25,INDIAN
3236-1_3.wav,3236-1_9.wav,1,0,0.21049349009990692,0.2691883444786072,false_negative,nsc_pt3.M.18_25.INDIAN,M,18_25,INDIAN
3236-1_4.wav,3236-1_6.wav,1,0,0.2630009651184082,0.2691883444786072,false_negative,nsc_pt3.M.18_25.INDIAN,M,18_25,INDIAN
3019-2_3.wav,3236-1_2.wav,0,1,0.3766016364097595,0.2691883444786072,false_positive,nsc_pt3.M.18_25.INDIAN,M,18_25,INDIAN
3020-2_6.wav,3222-1_4.wav,0,1,0.2780686616897583,0.2691883444786072,false_positive,nsc_pt3.M.18_25.INDIAN,M,18_25,INDIAN
3148-2_10.wav,3236-1_10.wav,0,1,0.26981645822525024,0.2691883444786072,false_positive,nsc_pt3.M.18_25.INDIAN,M,18_25,INDIAN
3148-2_8.wav,3019-2_1.wav,0,1,0.29205262660980225,0.2691883444786072,false_positive,nsc_pt3.M.18_25.INDIAN,M,18_25,INDIAN
3217-1_7.wav,3228-1_5.wav,0,1,0.40266063809394836,0.2691883444786072,false_positive,nsc_pt3.M.18_25.INDIAN,M,18_25,INDIAN
3222-1_4.wav,3020-2_6.wav,0,1,0.2780686616897583,0.2691883444786072,false_positive,nsc_pt3.M.18_25.INDIAN,M,18_25,INDIAN
3228-1_1.wav,3217-1_2.wav,0,1,0.2796090245246887,0.2691883444786072,false_positive,nsc_pt3.M.18_25.INDIAN,M,18_25,INDIAN
3236-1_10.wav,3019-2_8.wav,0,1,0.3347320556640625,0.2691883444786072,false_positive,nsc_pt3.M.18_25.INDIAN,M,18_25,INDIAN
3236-1_8.wav,3148-2_7.wav,0,1,0.3276796042919159,0.2691883444786072,false_positive,nsc_pt3.M.18_25.INDIAN,M,18_25,INDIAN
3236-1_8.wav,3019-2_1.wav,0,1,0.2708112597465515,0.2691883444786072,false_positive,nsc_pt3.M.18_25.INDIAN,M,18_25,INDIAN
3033-1_1.wav,3033-1_10.wav,1,0,0.21567288041114807,0.2691883444786072,false_negative,nsc_pt3.M.18_25.MALAY,M,18_25,MALAY
3033-1_1.wav,3033-1_5.wav,1,0,0.13850916922092438,0.2691883444786072,false_negative,nsc_pt3.M.18_25.MALAY,M,18_25,MALAY
3033-1_10.wav,3033-1_2.wav,1,0,0.1989147812128067,0.2691883444786072,false_negative,nsc_pt3.M.18_25.MALAY,M,18_25,MALAY
3033-1_10.wav,3033-1_4.wav,1,0,0.2340354174375534,0.2691883444786072,false_negative,nsc_pt3.M.18_25.MALAY,M,18_25,MALAY
3033-1_10.wav,3033-1_5.wav,1,0,0.21331489086151123,0.2691883444786072,false_negative,nsc_pt3.M.18_25.MALAY,M,18_25,MALAY
3033-1_10.wav,3033-1_7.wav,1,0,0.0922643393278122,0.2691883444786072,false_negative,nsc_pt3.M.18_25.MALAY,M,18_25,MALAY
3033-1_2.wav,3033-1_3.wav,1,0,0.26246270537376404,0.2691883444786072,false_negative,nsc_pt3.M.18_25.MALAY,M,18_25,MALAY
3033-2_2.wav,3033-2_9.wav,1,0,0.24570024013519287,0.2691883444786072,false_negative,nsc_pt3.M.18_25.MALAY,M,18_25,MALAY
3033-2_8.wav,3033-2_9.wav,1,0,0.16491714119911194,0.2691883444786072,false_negative,nsc_pt3.M.18_25.MALAY,M,18_25,MALAY
3041-1_2.wav,3041-1_3.wav,1,0,0.18453551828861237,0.2691883444786072,false_negative,nsc_pt3.M.18_25.MALAY,M,18_25,MALAY
3041-1_2.wav,3041-1_8.wav,1,0,0.24259641766548157,0.2691883444786072,false_negative,nsc_pt3.M.18_25.MALAY,M,18_25,MALAY
3041-1_3.wav,3041-1_4.wav,1,0,0.24391230940818787,0.2691883444786072,false_negative,nsc_pt3.M.18_25.MALAY,M,18_25,MALAY
3041-1_3.wav,3041-1_5.wav,1,0,0.22365638613700867,0.2691883444786072,false_negative,nsc_pt3.M.18_25.MALAY,M,18_25,MALAY
3041-1_3.wav,3041-1_7.wav,1,0,0.09681005775928497,0.2691883444786072,false_negative,nsc_pt3.M.18_25.MALAY,M,18_25,MALAY
3041-1_7.wav,3041-1_8.wav,1,0,0.159774512052536,0.2691883444786072,false_negative,nsc_pt3.M.18_25.MALAY,M,18_25,MALAY
3108-2_10.wav,3108-2_3.wav,1,0,0.24923011660575867,0.2691883444786072,false_negative,nsc_pt3.M.18_25.MALAY,M,18_25,MALAY
3108-2_3.wav,3108-2_7.wav,1,0,0.26779237389564514,0.2691883444786072,false_negative,nsc_pt3.M.18_25.MALAY,M,18_25,MALAY
3175-1_1.wav,3175-1_5.wav,1,0,0.2388845831155777,0.2691883444786072,false_negative,nsc_pt3.M.18_25.MALAY,M,18_25,MALAY
3175-1_1.wav,3175-1_7.wav,1,0,0.1775387078523636,0.2691883444786072,false_negative,nsc_pt3.M.18_25.MALAY,M,18_25,MALAY
3175-1_1.wav,3175-1_8.wav,1,0,0.06915906071662903,0.2691883444786072,false_negative,nsc_pt3.M.18_25.MALAY,M,18_25,MALAY
3175-1_10.wav,3175-1_7.wav,1,0,0.19462767243385315,0.2691883444786072,false_negative,nsc_pt3.M.18_25.MALAY,M,18_25,MALAY
3175-1_10.wav,3175-1_8.wav,1,0,0.04325508326292038,0.2691883444786072,false_negative,nsc_pt3.M.18_25.MALAY,M,18_25,MALAY
3175-1_2.wav,3175-1_7.wav,1,0,0.2612418234348297,0.2691883444786072,false_negative,nsc_pt3.M.18_25.MALAY,M,18_25,MALAY
3175-1_2.wav,3175-1_8.wav,1,0,0.12822377681732178,0.2691883444786072,false_negative,nsc_pt3.M.18_25.MALAY,M,18_25,MALAY
3175-1_3.wav,3175-1_7.wav,1,0,0.18636539578437805,0.2691883444786072,false_negative,nsc_pt3.M.18_25.MALAY,M,18_25,MALAY
3175-1_3.wav,3175-1_8.wav,1,0,0.14446960389614105,0.2691883444786072,false_negative,nsc_pt3.M.18_25.MALAY,M,18_25,MALAY
3175-1_4.wav,3175-1_8.wav,1,0,0.004139654338359833,0.2691883444786072,false_negative,nsc_pt3.M.18_25.MALAY,M,18_25,MALAY
3175-1_5.wav,3175-1_8.wav,1,0,0.21525169909000397,0.2691883444786072,false_negative,nsc_pt3.M.18_25.MALAY,M,18_25,MALAY
3175-1_6.wav,3175-1_7.wav,1,0,0.2526856064796448,0.2691883444786072,false_negative,nsc_pt3.M.18_25.MALAY,M,18_25,MALAY
3175-1_6.wav,3175-1_8.wav,1,0,0.05908192694187164,0.2691883444786072,false_negative,nsc_pt3.M.18_25.MALAY,M,18_25,MALAY
3175-1_7.wav,3175-1_8.wav,1,0,0.17819519340991974,0.2691883444786072,false_negative,nsc_pt3.M.18_25.MALAY,M,18_25,MALAY
3175-1_7.wav,3175-1_9.wav,1,0,0.17880111932754517,0.2691883444786072,false_negative,nsc_pt3.M.18_25.MALAY,M,18_25,MALAY
3175-1_8.wav,3175-1_9.wav,1,0,-0.031173720955848694,0.2691883444786072,false_negative,nsc_pt3.M.18_25.MALAY,M,18_25,MALAY
3175-2_1.wav,3175-2_3.wav,1,0,0.055811505764722824,0.2691883444786072,false_negative,nsc_pt3.M.18_25.MALAY,M,18_25,MALAY
3175-2_1.wav,3175-2_7.wav,1,0,0.1874849498271942,0.2691883444786072,false_negative,nsc_pt3.M.18_25.MALAY,M,18_25,MALAY
3175-2_1.wav,3175-2_8.wav,1,0,0.18066325783729553,0.2691883444786072,false_negative,nsc_pt3.M.18_25.MALAY,M,18_25,MALAY
3175-2_10.wav,3175-2_3.wav,1,0,0.16812705993652344,0.2691883444786072,false_negative,nsc_pt3.M.18_25.MALAY,M,18_25,MALAY
3175-2_10.wav,3175-2_4.wav,1,0,0.2655993402004242,0.2691883444786072,false_negative,nsc_pt3.M.18_25.MALAY,M,18_25,MALAY
3175-2_10.wav,3175-2_6.wav,1,0,0.17295679450035095,0.2691883444786072,false_negative,nsc_pt3.M.18_25.MALAY,M,18_25,MALAY
3175-2_10.wav,3175-2_7.wav,1,0,0.15661174058914185,0.2691883444786072,false_negative,nsc_pt3.M.18_25.MALAY,M,18_25,MALAY
3175-2_10.wav,3175-2_8.wav,1,0,0.23961667716503143,0.2691883444786072,false_negative,nsc_pt3.M.18_25.MALAY,M,18_25,MALAY
3175-2_2.wav,3175-2_3.wav,1,0,0.13491599261760712,0.2691883444786072,false_negative,nsc_pt3.M.18_25.MALAY,M,18_25,MALAY
3175-2_2.wav,3175-2_7.wav,1,0,0.04726453870534897,0.2691883444786072,false_negative,nsc_pt3.M.18_25.MALAY,M,18_25,MALAY
3175-2_2.wav,3175-2_8.wav,1,0,0.2615981996059418,0.2691883444786072,false_negative,nsc_pt3.M.18_25.MALAY,M,18_25,MALAY
3175-2_3.wav,3175-2_4.wav,1,0,0.06322496384382248,0.2691883444786072,false_negative,nsc_pt3.M.18_25.MALAY,M,18_25,MALAY
3175-2_3.wav,3175-2_5.wav,1,0,0.2543589472770691,0.2691883444786072,false_negative,nsc_pt3.M.18_25.MALAY,M,18_25,MALAY
3175-2_3.wav,3175-2_6.wav,1,0,0.15461662411689758,0.2691883444786072,false_negative,nsc_pt3.M.18_25.MALAY,M,18_25,MALAY
3175-2_3.wav,3175-2_7.wav,1,0,0.21259279549121857,0.2691883444786072,false_negative,nsc_pt3.M.18_25.MALAY,M,18_25,MALAY
3175-2_3.wav,3175-2_8.wav,1,0,0.10886217653751373,0.2691883444786072,false_negative,nsc_pt3.M.18_25.MALAY,M,18_25,MALAY
3175-2_3.wav,3175-2_9.wav,1,0,0.2037440836429596,0.2691883444786072,false_negative,nsc_pt3.M.18_25.MALAY,M,18_25,MALAY
3175-2_4.wav,3175-2_7.wav,1,0,0.18355494737625122,0.2691883444786072,false_negative,nsc_pt3.M.18_25.MALAY,M,18_25,MALAY
3175-2_4.wav,3175-2_8.wav,1,0,0.13459467887878418,0.2691883444786072,false_negative,nsc_pt3.M.18_25.MALAY,M,18_25,MALAY
3175-2_5.wav,3175-2_7.wav,1,0,0.13789072632789612,0.2691883444786072,false_negative,nsc_pt3.M.18_25.MALAY,M,18_25,MALAY
3175-2_5.wav,3175-2_8.wav,1,0,0.2510989010334015,0.2691883444786072,false_negative,nsc_pt3.M.18_25.MALAY,M,18_25,MALAY
3175-2_6.wav,3175-2_8.wav,1,0,0.17659081518650055,0.2691883444786072,false_negative,nsc_pt3.M.18_25.MALAY,M,18_25,MALAY
3175-2_7.wav,3175-2_8.wav,1,0,0.09350870549678802,0.2691883444786072,false_negative,nsc_pt3.M.18_25.MALAY,M,18_25,MALAY
3175-2_7.wav,3175-2_9.wav,1,0,0.24248814582824707,0.2691883444786072,false_negative,nsc_pt3.M.18_25.MALAY,M,18_25,MALAY
3175-2_8.wav,3175-2_9.wav,1,0,0.16535839438438416,0.2691883444786072,false_negative,nsc_pt3.M.18_25.MALAY,M,18_25,MALAY
3182-1_10.wav,3182-1_7.wav,1,0,0.188759446144104,0.2691883444786072,false_negative,nsc_pt3.M.18_25.MALAY,M,18_25,MALAY
3182-1_4.wav,3182-1_7.wav,1,0,0.25002968311309814,0.2691883444786072,false_negative,nsc_pt3.M.18_25.MALAY,M,18_25,MALAY
3033-1_1.wav,3108-2_9.wav,0,1,0.3765283524990082,0.2691883444786072,false_positive,nsc_pt3.M.18_25.MALAY,M,18_25,MALAY
3033-1_1.wav,3033-2_5.wav,0,1,0.33585119247436523,0.2691883444786072,false_positive,nsc_pt3.M.18_25.MALAY,M,18_25,MALAY
3033-1_10.wav,3108-2_9.wav,0,1,0.32725203037261963,0.2691883444786072,false_positive,nsc_pt3.M.18_25.MALAY,M,18_25,MALAY
3033-1_2.wav,3108-2_3.wav,0,1,0.3141450583934784,0.2691883444786072,false_positive,nsc_pt3.M.18_25.MALAY,M,18_25,MALAY
3033-1_3.wav,3108-2_9.wav,0,1,0.35420867800712585,0.2691883444786072,false_positive,nsc_pt3.M.18_25.MALAY,M,18_25,MALAY
3033-1_4.wav,3033-2_10.wav,0,1,0.35857531428337097,0.2691883444786072,false_positive,nsc_pt3.M.18_25.MALAY,M,18_25,MALAY
3033-1_6.wav,3033-2_8.wav,0,1,0.2894836664199829,0.2691883444786072,false_positive,nsc_pt3.M.18_25.MALAY,M,18_25,MALAY
3033-1_8.wav,3033-2_4.wav,0,1,0.3673067092895508,0.2691883444786072,false_positive,nsc_pt3.M.18_25.MALAY,M,18_25,MALAY
3033-1_9.wav,3108-2_6.wav,0,1,0.38260284066200256,0.2691883444786072,false_positive,nsc_pt3.M.18_25.MALAY,M,18_25,MALAY
3033-1_9.wav,3033-2_10.wav,0,1,0.39792099595069885,0.2691883444786072,false_positive,nsc_pt3.M.18_25.MALAY,M,18_25,MALAY
3033-2_10.wav,3033-1_4.wav,0,1,0.35857531428337097,0.2691883444786072,false_positive,nsc_pt3.M.18_25.MALAY,M,18_25,MALAY
3033-2_10.wav,3108-2_8.wav,0,1,0.2824550271034241,0.2691883444786072,false_positive,nsc_pt3.M.18_25.MALAY,M,18_25,MALAY
3033-2_4.wav,3033-1_6.wav,0,1,0.3659753203392029,0.2691883444786072,false_positive,nsc_pt3.M.18_25.MALAY,M,18_25,MALAY
3033-2_5.wav,3033-1_6.wav,0,1,0.38082167506217957,0.2691883444786072,false_positive,nsc_pt3.M.18_25.MALAY,M,18_25,MALAY
3033-2_6.wav,3033-1_4.wav,0,1,0.45854052901268005,0.2691883444786072,false_positive,nsc_pt3.M.18_25.MALAY,M,18_25,MALAY
3033-2_8.wav,3033-1_6.wav,0,1,0.2894836664199829,0.2691883444786072,false_positive,nsc_pt3.M.18_25.MALAY,M,18_25,MALAY
3041-1_7.wav,3033-2_1.wav,0,1,0.30860212445259094,0.2691883444786072,false_positive,nsc_pt3.M.18_25.MALAY,M,18_25,MALAY
3108-2_1.wav,3033-1_2.wav,0,1,0.336789608001709,0.2691883444786072,false_positive,nsc_pt3.M.18_25.MALAY,M,18_25,MALAY
3108-2_4.wav,3033-1_9.wav,0,1,0.28681790828704834,0.2691883444786072,false_positive,nsc_pt3.M.18_25.MALAY,M,18_25,MALAY
3108-2_6.wav,3033-1_6.wav,0,1,0.30620884895324707,0.2691883444786072,false_positive,nsc_pt3.M.18_25.MALAY,M,18_25,MALAY
3108-2_7.wav,3033-1_10.wav,0,1,0.2724870443344116,0.2691883444786072,false_positive,nsc_pt3.M.18_25.MALAY,M,18_25,MALAY
3108-2_9.wav,3033-1_1.wav,0,1,0.3765283524990082,0.2691883444786072,false_positive,nsc_pt3.M.18_25.MALAY,M,18_25,MALAY
3149-1_2.wav,3041-1_7.wav,0,1,0.28466910123825073,0.2691883444786072,false_positive,nsc_pt3.M.18_25.MALAY,M,18_25,MALAY
3149-1_6.wav,3182-1_3.wav,0,1,0.3728429973125458,0.2691883444786072,false_positive,nsc_pt3.M.18_25.MALAY,M,18_25,MALAY
3175-1_1.wav,3175-2_7.wav,0,1,0.4007101058959961,0.2691883444786072,false_positive,nsc_pt3.M.18_25.MALAY,M,18_25,MALAY
3175-1_10.wav,3175-2_7.wav,0,1,0.36951136589050293,0.2691883444786072,false_positive,nsc_pt3.M.18_25.MALAY,M,18_25,MALAY
3175-1_4.wav,3182-1_8.wav,0,1,0.26950803399086,0.2691883444786072,false_positive,nsc_pt3.M.18_25.MALAY,M,18_25,MALAY
3175-1_5.wav,3175-2_9.wav,0,1,0.4013376235961914,0.2691883444786072,false_positive,nsc_pt3.M.18_25.MALAY,M,18_25,MALAY
3175-1_6.wav,3175-2_7.wav,0,1,0.41063326597213745,0.2691883444786072,false_positive,nsc_pt3.M.18_25.MALAY,M,18_25,MALAY
3175-2_10.wav,3175-1_3.wav,0,1,0.2718793451786041,0.2691883444786072,false_positive,nsc_pt3.M.18_25.MALAY,M,18_25,MALAY
3175-2_2.wav,3175-1_8.wav,0,1,0.2874923348426819,0.2691883444786072,false_positive,nsc_pt3.M.18_25.MALAY,M,18_25,MALAY
3175-2_2.wav,3149-1_8.wav,0,1,0.32091373205184937,0.2691883444786072,false_positive,nsc_pt3.M.18_25.MALAY,M,18_25,MALAY
3175-2_3.wav,3175-1_4.wav,0,1,0.42789408564567566,0.2691883444786072,false_positive,nsc_pt3.M.18_25.MALAY,M,18_25,MALAY
3175-2_5.wav,3149-1_4.wav,0,1,0.3545030355453491,0.2691883444786072,false_positive,nsc_pt3.M.18_25.MALAY,M,18_25,MALAY
3175-2_5.wav,3182-1_8.wav,0,1,0.29683157801628113,0.2691883444786072,false_positive,nsc_pt3.M.18_25.MALAY,M,18_25,MALAY
3175-2_7.wav,3175-1_9.wav,0,1,0.3382146656513214,0.2691883444786072,false_positive,nsc_pt3.M.18_25.MALAY,M,18_25,MALAY
3182-1_3.wav,3175-2_5.wav,0,1,0.3974594473838806,0.2691883444786072,false_positive,nsc_pt3.M.18_25.MALAY,M,18_25,MALAY
3182-1_3.wav,3149-1_9.wav,0,1,0.40164268016815186,0.2691883444786072,false_positive,nsc_pt3.M.18_25.MALAY,M,18_25,MALAY
3182-1_8.wav,3175-1_4.wav,0,1,0.26950803399086,0.2691883444786072,false_positive,nsc_pt3.M.18_25.MALAY,M,18_25,MALAY
3151-2_1.wav,3151-2_10.wav,1,0,-0.1263256072998047,0.2691883444786072,false_negative,nsc_pt3.M.35_45.CHINESE,M,35_45,CHINESE
3151-2_1.wav,3151-2_2.wav,1,0,0.006480183452367783,0.2691883444786072,false_negative,nsc_pt3.M.35_45.CHINESE,M,35_45,CHINESE
3151-2_1.wav,3151-2_3.wav,1,0,-0.022496793419122696,0.2691883444786072,false_negative,nsc_pt3.M.35_45.CHINESE,M,35_45,CHINESE
3151-2_1.wav,3151-2_4.wav,1,0,0.024746553972363472,0.2691883444786072,false_negative,nsc_pt3.M.35_45.CHINESE,M,35_45,CHINESE
3151-2_1.wav,3151-2_5.wav,1,0,0.022159410640597343,0.2691883444786072,false_negative,nsc_pt3.M.35_45.CHINESE,M,35_45,CHINESE
3151-2_1.wav,3151-2_6.wav,1,0,-0.04995685815811157,0.2691883444786072,false_negative,nsc_pt3.M.35_45.CHINESE,M,35_45,CHINESE
3151-2_1.wav,3151-2_7.wav,1,0,0.04385840892791748,0.2691883444786072,false_negative,nsc_pt3.M.35_45.CHINESE,M,35_45,CHINESE
3151-2_1.wav,3151-2_8.wav,1,0,0.00530440267175436,0.2691883444786072,false_negative,nsc_pt3.M.35_45.CHINESE,M,35_45,CHINESE
3151-2_1.wav,3151-2_9.wav,1,0,-0.012526623904705048,0.2691883444786072,false_negative,nsc_pt3.M.35_45.CHINESE,M,35_45,CHINESE
3151-2_4.wav,3151-2_9.wav,1,0,0.17021384835243225,0.2691883444786072,false_negative,nsc_pt3.M.35_45.CHINESE,M,35_45,CHINESE
3151-2_5.wav,3151-2_6.wav,1,0,0.2670133411884308,0.2691883444786072,false_negative,nsc_pt3.M.35_45.CHINESE,M,35_45,CHINESE
3265-1_3.wav,3265-1_5.wav,1,0,0.19502568244934082,0.2691883444786072,false_negative,nsc_pt3.M.35_45.CHINESE,M,35_45,CHINESE
3265-1_3.wav,3265-1_7.wav,1,0,0.20472180843353271,0.2691883444786072,false_negative,nsc_pt3.M.35_45.CHINESE,M,35_45,CHINESE
3046-1_1.wav,3102-1_7.wav,0,1,0.35002458095550537,0.2691883444786072,false_positive,nsc_pt3.M.35_45.CHINESE,M,35_45,CHINESE
3046-1_1.wav,3112-1_1.wav,0,1,0.2896418869495392,0.2691883444786072,false_positive,nsc_pt3.M.35_45.CHINESE,M,35_45,CHINESE
3046-1_10.wav,3102-1_4.wav,0,1,0.3829963803291321,0.2691883444786072,false_positive,nsc_pt3.M.35_45.CHINESE,M,35_45,CHINESE
3046-1_10.wav,3112-1_10.wav,0,1,0.5576109290122986,0.2691883444786072,false_positive,nsc_pt3.M.35_45.CHINESE,M,35_45,CHINESE
3046-1_2.wav,3102-1_8.wav,0,1,0.5155782699584961,0.2691883444786072,false_positive,nsc_pt3.M.35_45.CHINESE,M,35_45,CHINESE
3046-1_2.wav,3112-1_1.wav,0,1,0.36261701583862305,0.2691883444786072,false_positive,nsc_pt3.M.35_45.CHINESE,M,35_45,CHINESE
3046-1_3.wav,3112-1_9.wav,0,1,0.43055614829063416,0.2691883444786072,false_positive,nsc_pt3.M.35_45.CHINESE,M,35_45,CHINESE
3046-1_3.wav,3102-1_5.wav,0,1,0.45780423283576965,0.2691883444786072,false_positive,nsc_pt3.M.35_45.CHINESE,M,35_45,CHINESE
3046-1_4.wav,3102-1_6.wav,0,1,0.380301833152771,0.2691883444786072,false_positive,nsc_pt3.M.35_45.CHINESE,M,35_45,CHINESE
3046-1_4.wav,3112-1_10.wav,0,1,0.45340296626091003,0.2691883444786072,false_positive,nsc_pt3.M.35_45.CHINESE,M,35_45,CHINESE
3046-1_5.wav,3102-1_4.wav,0,1,0.4472816288471222,0.2691883444786072,false_positive,nsc_pt3.M.35_45.CHINESE,M,35_45,CHINESE
3046-1_5.wav,3112-1_5.wav,0,1,0.47316551208496094,0.2691883444786072,false_positive,nsc_pt3.M.35_45.CHINESE,M,35_45,CHINESE
3046-1_5.wav,3048-2_7.wav,0,1,0.2746683657169342,0.2691883444786072,false_positive,nsc_pt3.M.35_45.CHINESE,M,35_45,CHINESE
3046-1_6.wav,3112-1_1.wav,0,1,0.2730048894882202,0.2691883444786072,false_positive,nsc_pt3.M.35_45.CHINESE,M,35_45,CHINESE
3046-1_6.wav,3102-1_6.wav,0,1,0.30807358026504517,0.2691883444786072,false_positive,nsc_pt3.M.35_45.CHINESE,M,35_45,CHINESE
3046-1_7.wav,3112-1_6.wav,0,1,0.4792930483818054,0.2691883444786072,false_positive,nsc_pt3.M.35_45.CHINESE,M,35_45,CHINESE
3046-1_7.wav,3102-1_2.wav,0,1,0.3842295706272125,0.2691883444786072,false_positive,nsc_pt3.M.35_45.CHINESE,M,35_45,CHINESE
3046-1_8.wav,3112-1_5.wav,0,1,0.3829178214073181,0.2691883444786072,false_positive,nsc_pt3.M.35_45.CHINESE,M,35_45,CHINESE
3046-1_9.wav,3265-1_4.wav,0,1,0.284060001373291,0.2691883444786072,false_positive,nsc_pt3.M.35_45.CHINESE,M,35_45,CHINESE
3046-1_9.wav,3102-1_9.wav,0,1,0.27591362595558167,0.2691883444786072,false_positive,nsc_pt3.M.35_45.CHINESE,M,35_45,CHINESE
3046-1_9.wav,3112-1_3.wav,0,1,0.47695407271385193,0.2691883444786072,false_positive,nsc_pt3.M.35_45.CHINESE,M,35_45,CHINESE
3048-2_10.wav,3265-1_8.wav,0,1,0.3675558269023895,0.2691883444786072,false_positive,nsc_pt3.M.35_45.CHINESE,M,35_45,CHINESE
3048-2_4.wav,3265-1_6.wav,0,1,0.3339087665081024,0.2691883444786072,false_positive,nsc_pt3.M.35_45.CHINESE,M,35_45,CHINESE
3048-2_5.wav,3102-1_9.wav,0,1,0.3125680088996887,0.2691883444786072,false_positive,nsc_pt3.M.35_45.CHINESE,M,35_45,CHINESE
3048-2_7.wav,3265-1_9.wav,0,1,0.2912023663520813,0.2691883444786072,false_positive,nsc_pt3.M.35_45.CHINESE,M,35_45,CHINESE
3048-2_8.wav,3112-1_9.wav,0,1,0.2711881399154663,0.2691883444786072,false_positive,nsc_pt3.M.35_45.CHINESE,M,35_45,CHINESE
3048-2_8.wav,3102-1_10.wav,0,1,0.32428401708602905,0.2691883444786072,false_positive,nsc_pt3.M.35_45.CHINESE,M,35_45,CHINESE
3102-1_1.wav,3046-1_5.wav,0,1,0.35450246930122375,0.2691883444786072,false_positive,nsc_pt3.M.35_45.CHINESE,M,35_45,CHINESE
3102-1_1.wav,3112-1_9.wav,0,1,0.31187790632247925,0.2691883444786072,false_positive,nsc_pt3.M.35_45.CHINESE,M,35_45,CHINESE
3102-1_10.wav,3112-1_1.wav,0,1,0.28293153643608093,0.2691883444786072,false_positive,nsc_pt3.M.35_45.CHINESE,M,35_45,CHINESE
3102-1_10.wav,3046-1_3.wav,0,1,0.39984071254730225,0.2691883444786072,false_positive,nsc_pt3.M.35_45.CHINESE,M,35_45,CHINESE
3102-1_2.wav,3046-1_5.wav,0,1,0.289857417345047,0.2691883444786072,false_positive,nsc_pt3.M.35_45.CHINESE,M,35_45,CHINESE
3102-1_2.wav,3112-1_9.wav,0,1,0.35391730070114136,0.2691883444786072,false_positive,nsc_pt3.M.35_45.CHINESE,M,35_45,CHINESE
3102-1_3.wav,3112-1_2.wav,0,1,0.30259665846824646,0.2691883444786072,false_positive,nsc_pt3.M.35_45.CHINESE,M,35_45,CHINESE
3102-1_3.wav,3046-1_3.wav,0,1,0.3493758738040924,0.2691883444786072,false_positive,nsc_pt3.M.35_45.CHINESE,M,35_45,CHINESE
3102-1_4.wav,3046-1_7.wav,0,1,0.520552933216095,0.2691883444786072,false_positive,nsc_pt3.M.35_45.CHINESE,M,35_45,CHINESE
3102-1_4.wav,3112-1_1.wav,0,1,0.3575587272644043,0.2691883444786072,false_positive,nsc_pt3.M.35_45.CHINESE,M,35_45,CHINESE
3102-1_5.wav,3112-1_4.wav,0,1,0.3159393072128296,0.2691883444786072,false_positive,nsc_pt3.M.35_45.CHINESE,M,35_45,CHINESE
3102-1_5.wav,3046-1_7.wav,0,1,0.5300069451332092,0.2691883444786072,false_positive,nsc_pt3.M.35_45.CHINESE,M,35_45,CHINESE
3102-1_6.wav,3048-2_5.wav,0,1,0.38541287183761597,0.2691883444786072,false_positive,nsc_pt3.M.35_45.CHINESE,M,35_45,CHINESE
3102-1_6.wav,3046-1_3.wav,0,1,0.3720184862613678,0.2691883444786072,false_positive,nsc_pt3.M.35_45.CHINESE,M,35_45,CHINESE
3102-1_7.wav,3046-1_3.wav,0,1,0.4214945137500763,0.2691883444786072,false_positive,nsc_pt3.M.35_45.CHINESE,M,35_45,CHINESE
3102-1_8.wav,3112-1_2.wav,0,1,0.41673755645751953,0.2691883444786072,false_positive,nsc_pt3.M.35_45.CHINESE,M,35_45,CHINESE
3102-1_8.wav,3046-1_6.wav,0,1,0.33835095167160034,0.2691883444786072,false_positive,nsc_pt3.M.35_45.CHINESE,M,35_45,CHINESE
3102-1_9.wav,3112-1_2.wav,0,1,0.41157200932502747,0.2691883444786072,false_positive,nsc_pt3.M.35_45.CHINESE,M,35_45,CHINESE
3102-1_9.wav,3046-1_4.wav,0,1,0.3980840742588043,0.2691883444786072,false_positive,nsc_pt3.M.35_45.CHINESE,M,35_45,CHINESE
3112-1_1.wav,3046-1_5.wav,0,1,0.3944516181945801,0.2691883444786072,false_positive,nsc_pt3.M.35_45.CHINESE,M,35_45,CHINESE
3112-1_1.wav,3102-1_7.wav,0,1,0.366691917181015,0.2691883444786072,false_positive,nsc_pt3.M.35_45.CHINESE,M,35_45,CHINESE
3112-1_10.wav,3102-1_9.wav,0,1,0.40569397807121277,0.2691883444786072,false_positive,nsc_pt3.M.35_45.CHINESE,M,35_45,CHINESE
3112-1_10.wav,3265-1_3.wav,0,1,0.30177193880081177,0.2691883444786072,false_positive,nsc_pt3.M.35_45.CHINESE,M,35_45,CHINESE
3112-1_10.wav,3046-1_3.wav,0,1,0.5752506852149963,0.2691883444786072,false_positive,nsc_pt3.M.35_45.CHINESE,M,35_45,CHINESE
3112-1_2.wav,3046-1_4.wav,0,1,0.3792186975479126,0.2691883444786072,false_positive,nsc_pt3.M.35_45.CHINESE,M,35_45,CHINESE
3112-1_2.wav,3102-1_10.wav,0,1,0.39887434244155884,0.2691883444786072,false_positive,nsc_pt3.M.35_45.CHINESE,M,35_45,CHINESE
3112-1_3.wav,3046-1_1.wav,0,1,0.45184770226478577,0.2691883444786072,false_positive,nsc_pt3.M.35_45.CHINESE,M,35_45,CHINESE
3112-1_3.wav,3102-1_7.wav,0,1,0.30220818519592285,0.2691883444786072,false_positive,nsc_pt3.M.35_45.CHINESE,M,35_45,CHINESE
3112-1_4.wav,3046-1_4.wav,0,1,0.3900630474090576,0.2691883444786072,false_positive,nsc_pt3.M.35_45.CHINESE,M,35_45,CHINESE
3112-1_5.wav,3046-1_10.wav,0,1,0.410042405128479,0.2691883444786072,false_positive,nsc_pt3.M.35_45.CHINESE,M,35_45,CHINESE
3112-1_6.wav,3102-1_9.wav,0,1,0.38403865694999695,0.2691883444786072,false_positive,nsc_pt3.M.35_45.CHINESE,M,35_45,CHINESE
3112-1_6.wav,3046-1_4.wav,0,1,0.4775785505771637,0.2691883444786072,false_positive,nsc_pt3.M.35_45.CHINESE,M,35_45,CHINESE
3112-1_7.wav,3102-1_8.wav,0,1,0.3136422634124756,0.2691883444786072,false_positive,nsc_pt3.M.35_45.CHINESE,M,35_45,CHINESE
3112-1_7.wav,3046-1_3.wav,0,1,0.4739477336406708,0.2691883444786072,false_positive,nsc_pt3.M.35_45.CHINESE,M,35_45,CHINESE
3112-1_8.wav,3046-1_7.wav,0,1,0.4295674264431,0.2691883444786072,false_positive,nsc_pt3.M.35_45.CHINESE,M,35_45,CHINESE
3112-1_9.wav,3046-1_5.wav,0,1,0.4028414487838745,0.2691883444786072,false_positive,nsc_pt3.M.35_45.CHINESE,M,35_45,CHINESE
3112-1_9.wav,3102-1_5.wav,0,1,0.40660932660102844,0.2691883444786072,false_positive,nsc_pt3.M.35_45.CHINESE,M,35_45,CHINESE
3151-2_10.wav,3159-2_3.wav,0,1,0.38762935996055603,0.2691883444786072,false_positive,nsc_pt3.M.35_45.CHINESE,M,35_45,CHINESE
3151-2_2.wav,3159-2_10.wav,0,1,0.33980780839920044,0.2691883444786072,false_positive,nsc_pt3.M.35_45.CHINESE,M,35_45,CHINESE
3151-2_6.wav,3159-2_3.wav,0,1,0.3128422200679779,0.2691883444786072,false_positive,nsc_pt3.M.35_45.CHINESE,M,35_45,CHINESE
3159-2_10.wav,3151-2_2.wav,0,1,0.33980780839920044,0.2691883444786072,false_positive,nsc_pt3.M.35_45.CHINESE,M,35_45,CHINESE
3159-2_3.wav,3151-2_7.wav,0,1,0.36199963092803955,0.2691883444786072,false_positive,nsc_pt3.M.35_45.CHINESE,M,35_45,CHINESE
3265-1_10.wav,3046-1_4.wav,0,1,0.30888670682907104,0.2691883444786072,false_positive,nsc_pt3.M.35_45.CHINESE,M,35_45,CHINESE
3265-1_8.wav,3048-2_7.wav,0,1,0.28940072655677795,0.2691883444786072,false_positive,nsc_pt3.M.35_45.CHINESE,M,35_45,CHINESE
3184-2_4.wav,3184-2_5.wav,1,0,0.14695067703723907,0.2691883444786072,false_negative,nsc_pt3.M.35_45.INDIAN,M,35_45,INDIAN
3184-2_4.wav,3184-2_9.wav,1,0,0.25585073232650757,0.2691883444786072,false_negative,nsc_pt3.M.35_45.INDIAN,M,35_45,INDIAN
3205-2_1.wav,3205-2_5.wav,1,0,0.18140341341495514,0.2691883444786072,false_negative,nsc_pt3.M.35_45.INDIAN,M,35_45,INDIAN
3205-2_1.wav,3205-2_7.wav,1,0,0.1921001374721527,0.2691883444786072,false_negative,nsc_pt3.M.35_45.INDIAN,M,35_45,INDIAN
3205-2_10.wav,3205-2_5.wav,1,0,0.22096337378025055,0.2691883444786072,false_negative,nsc_pt3.M.35_45.INDIAN,M,35_45,INDIAN
3205-2_2.wav,3205-2_5.wav,1,0,0.25903239846229553,0.2691883444786072,false_negative,nsc_pt3.M.35_45.INDIAN,M,35_45,INDIAN
3205-2_5.wav,3205-2_6.wav,1,0,0.24487148225307465,0.2691883444786072,false_negative,nsc_pt3.M.35_45.INDIAN,M,35_45,INDIAN
3234-2_1.wav,3234-2_10.wav,1,0,0.09865423291921616,0.2691883444786072,false_negative,nsc_pt3.M.35_45.INDIAN,M,35_45,INDIAN
3234-2_1.wav,3234-2_2.wav,1,0,0.20207005739212036,0.2691883444786072,false_negative,nsc_pt3.M.35_45.INDIAN,M,35_45,INDIAN
3234-2_1.wav,3234-2_3.wav,1,0,0.06089324504137039,0.2691883444786072,false_negative,nsc_pt3.M.35_45.INDIAN,M,35_45,INDIAN
3234-2_1.wav,3234-2_4.wav,1,0,0.1098051369190216,0.2691883444786072,false_negative,nsc_pt3.M.35_45.INDIAN,M,35_45,INDIAN
3234-2_1.wav,3234-2_5.wav,1,0,0.17600809037685394,0.2691883444786072,false_negative,nsc_pt3.M.35_45.INDIAN,M,35_45,INDIAN
3234-2_1.wav,3234-2_6.wav,1,0,0.0837831199169159,0.2691883444786072,false_negative,nsc_pt3.M.35_45.INDIAN,M,35_45,INDIAN
3234-2_1.wav,3234-2_7.wav,1,0,0.16931597888469696,0.2691883444786072,false_negative,nsc_pt3.M.35_45.INDIAN,M,35_45,INDIAN
3234-2_1.wav,3234-2_8.wav,1,0,0.15574470162391663,0.2691883444786072,false_negative,nsc_pt3.M.35_45.INDIAN,M,35_45,INDIAN
3234-2_1.wav,3234-2_9.wav,1,0,0.18266400694847107,0.2691883444786072,false_negative,nsc_pt3.M.35_45.INDIAN,M,35_45,INDIAN
3234-2_10.wav,3234-2_3.wav,1,0,0.15616527199745178,0.2691883444786072,false_negative,nsc_pt3.M.35_45.INDIAN,M,35_45,INDIAN
3234-2_10.wav,3234-2_4.wav,1,0,0.24944618344306946,0.2691883444786072,false_negative,nsc_pt3.M.35_45.INDIAN,M,35_45,INDIAN
3234-2_10.wav,3234-2_6.wav,1,0,0.19444280862808228,0.2691883444786072,false_negative,nsc_pt3.M.35_45.INDIAN,M,35_45,INDIAN
3234-2_10.wav,3234-2_8.wav,1,0,0.23255273699760437,0.2691883444786072,false_negative,nsc_pt3.M.35_45.INDIAN,M,35_45,INDIAN
3234-2_3.wav,3234-2_8.wav,1,0,0.26185229420661926,0.2691883444786072,false_negative,nsc_pt3.M.35_45.INDIAN,M,35_45,INDIAN
3244-2_1.wav,3244-2_10.wav,1,0,0.03639494627714157,0.2691883444786072,false_negative,nsc_pt3.M.35_45.INDIAN,M,35_45,INDIAN
3244-2_1.wav,3244-2_4.wav,1,0,0.24576744437217712,0.2691883444786072,false_negative,nsc_pt3.M.35_45.INDIAN,M,35_45,INDIAN
3244-2_10.wav,3244-2_2.wav,1,0,-0.016446556895971298,0.2691883444786072,false_negative,nsc_pt3.M.35_45.INDIAN,M,35_45,INDIAN
3244-2_10.wav,3244-2_3.wav,1,0,0.05224375054240227,0.2691883444786072,false_negative,nsc_pt3.M.35_45.INDIAN,M,35_45,INDIAN
3244-2_10.wav,3244-2_4.wav,1,0,0.22368532419204712,0.2691883444786072,false_negative,nsc_pt3.M.35_45.INDIAN,M,35_45,INDIAN
3244-2_10.wav,3244-2_5.wav,1,0,-0.013170558027923107,0.2691883444786072,false_negative,nsc_pt3.M.35_45.INDIAN,M,35_45,INDIAN
3244-2_10.wav,3244-2_6.wav,1,0,0.16144447028636932,0.2691883444786072,false_negative,nsc_pt3.M.35_45.INDIAN,M,35_45,INDIAN
3244-2_10.wav,3244-2_7.wav,1,0,0.06412150710821152,0.2691883444786072,false_negative,nsc_pt3.M.35_45.INDIAN,M,35_45,INDIAN
3244-2_10.wav,3244-2_8.wav,1,0,0.0031975042074918747,0.2691883444786072,false_negative,nsc_pt3.M.35_45.INDIAN,M,35_45,INDIAN
3244-2_10.wav,3244-2_9.wav,1,0,0.08457434922456741,0.2691883444786072,false_negative,nsc_pt3.M.35_45.INDIAN,M,35_45,INDIAN
3244-2_2.wav,3244-2_4.wav,1,0,0.23685139417648315,0.2691883444786072,false_negative,nsc_pt3.M.35_45.INDIAN,M,35_45,INDIAN
3244-2_4.wav,3244-2_5.wav,1,0,0.22145229578018188,0.2691883444786072,false_negative,nsc_pt3.M.35_45.INDIAN,M,35_45,INDIAN
3244-2_4.wav,3244-2_7.wav,1,0,0.04274724796414375,0.2691883444786072,false_negative,nsc_pt3.M.35_45.INDIAN,M,35_45,INDIAN
3244-2_4.wav,3244-2_8.wav,1,0,0.17226003110408783,0.2691883444786072,false_negative,nsc_pt3.M.35_45.INDIAN,M,35_45,INDIAN
3244-2_4.wav,3244-2_9.wav,1,0,0.13052940368652344,0.2691883444786072,false_negative,nsc_pt3.M.35_45.INDIAN,M,35_45,INDIAN
3250-2_1.wav,3250-2_9.wav,1,0,0.028388354927301407,0.2691883444786072,false_negative,nsc_pt3.M.35_45.INDIAN,M,35_45,INDIAN
3250-2_10.wav,3250-2_9.wav,1,0,-0.07818436622619629,0.2691883444786072,false_negative,nsc_pt3.M.35_45.INDIAN,M,35_45,INDIAN
3250-2_2.wav,3250-2_9.wav,1,0,0.09216664731502533,0.2691883444786072,false_negative,nsc_pt3.M.35_45.INDIAN,M,35_45,INDIAN
3250-2_3.wav,3250-2_9.wav,1,0,0.14538078010082245,0.2691883444786072,false_negative,nsc_pt3.M.35_45.INDIAN,M,35_45,INDIAN
3250-2_4.wav,3250-2_9.wav,1,0,0.09525733441114426,0.2691883444786072,false_negative,nsc_pt3.M.35_45.INDIAN,M,35_45,INDIAN
3250-2_5.wav,3250-2_9.wav,1,0,0.12391868978738785,0.2691883444786072,false_negative,nsc_pt3.M.35_45.INDIAN,M,35_45,INDIAN
3250-2_6.wav,3250-2_9.wav,1,0,0.04666740819811821,0.2691883444786072,false_negative,nsc_pt3.M.35_45.INDIAN,M,35_45,INDIAN
3250-2_7.wav,3250-2_9.wav,1,0,0.046037789434194565,0.2691883444786072,false_negative,nsc_pt3.M.35_45.INDIAN,M,35_45,INDIAN
3250-2_8.wav,3250-2_9.wav,1,0,-0.06562428176403046,0.2691883444786072,false_negative,nsc_pt3.M.35_45.INDIAN,M,35_45,INDIAN
3251-1_1.wav,3251-1_6.wav,1,0,0.12951169908046722,0.2691883444786072,false_negative,nsc_pt3.M.35_45.INDIAN,M,35_45,INDIAN
3251-1_1.wav,3251-1_7.wav,1,0,0.22054094076156616,0.2691883444786072,false_negative,nsc_pt3.M.35_45.INDIAN,M,35_45,INDIAN
3251-1_2.wav,3251-1_4.wav,1,0,0.2082730531692505,0.2691883444786072,false_negative,nsc_pt3.M.35_45.INDIAN,M,35_45,INDIAN
3251-1_3.wav,3251-1_6.wav,1,0,0.17462000250816345,0.2691883444786072,false_negative,nsc_pt3.M.35_45.INDIAN,M,35_45,INDIAN
3251-1_4.wav,3251-1_6.wav,1,0,0.22311004996299744,0.2691883444786072,false_negative,nsc_pt3.M.35_45.INDIAN,M,35_45,INDIAN
3251-1_4.wav,3251-1_9.wav,1,0,0.18455636501312256,0.2691883444786072,false_negative,nsc_pt3.M.35_45.INDIAN,M,35_45,INDIAN
3251-1_5.wav,3251-1_6.wav,1,0,0.1843358427286148,0.2691883444786072,false_negative,nsc_pt3.M.35_45.INDIAN,M,35_45,INDIAN
3262-1_1.wav,3262-1_6.wav,1,0,0.25100889801979065,0.2691883444786072,false_negative,nsc_pt3.M.35_45.INDIAN,M,35_45,INDIAN
3262-1_3.wav,3262-1_7.wav,1,0,0.22092722356319427,0.2691883444786072,false_negative,nsc_pt3.M.35_45.INDIAN,M,35_45,INDIAN
3184-2_1.wav,3262-1_7.wav,0,1,0.26976966857910156,0.2691883444786072,false_positive,nsc_pt3.M.35_45.INDIAN,M,35_45,INDIAN
3184-2_1.wav,3234-2_8.wav,0,1,0.3204304575920105,0.2691883444786072,false_positive,nsc_pt3.M.35_45.INDIAN,M,35_45,INDIAN
3184-2_2.wav,3250-2_8.wav,0,1,0.40487897396087646,0.2691883444786072,false_positive,nsc_pt3.M.35_45.INDIAN,M,35_45,INDIAN
3184-2_3.wav,3250-2_3.wav,0,1,0.40498751401901245,0.2691883444786072,false_positive,nsc_pt3.M.35_45.INDIAN,M,35_45,INDIAN
3184-2_4.wav,3250-2_3.wav,0,1,0.3723578453063965,0.2691883444786072,false_positive,nsc_pt3.M.35_45.INDIAN,M,35_45,INDIAN
3184-2_5.wav,3250-2_10.wav,0,1,0.31386440992355347,0.2691883444786072,false_positive,nsc_pt3.M.35_45.INDIAN,M,35_45,INDIAN
3184-2_5.wav,3262-1_6.wav,0,1,0.2703484892845154,0.2691883444786072,false_positive,nsc_pt3.M.35_45.INDIAN,M,35_45,INDIAN
3184-2_6.wav,3250-2_5.wav,0,1,0.4312519431114197,0.2691883444786072,false_positive,nsc_pt3.M.35_45.INDIAN,M,35_45,INDIAN
3184-2_7.wav,3250-2_1.wav,0,1,0.46446454524993896,0.2691883444786072,false_positive,nsc_pt3.M.35_45.INDIAN,M,35_45,INDIAN
3184-2_7.wav,3234-2_9.wav,0,1,0.296133816242218,0.2691883444786072,false_positive,nsc_pt3.M.35_45.INDIAN,M,35_45,INDIAN
3184-2_8.wav,3250-2_2.wav,0,1,0.31023985147476196,0.2691883444786072,false_positive,nsc_pt3.M.35_45.INDIAN,M,35_45,INDIAN
3205-2_1.wav,3208-1_6.wav,0,1,0.30739134550094604,0.2691883444786072,false_positive,nsc_pt3.M.35_45.INDIAN,M,35_45,INDIAN
3208-1_1.wav,3244-2_3.wav,0,1,0.3188283443450928,0.2691883444786072,false_positive,nsc_pt3.M.35_45.INDIAN,M,35_45,INDIAN
3208-1_3.wav,3251-1_4.wav,0,1,0.3074069023132324,0.2691883444786072,false_positive,nsc_pt3.M.35_45.INDIAN,M,35_45,INDIAN
3208-1_4.wav,3244-2_6.wav,0,1,0.33074554800987244,0.2691883444786072,false_positive,nsc_pt3.M.35_45.INDIAN,M,35_45,INDIAN
3208-1_6.wav,3244-2_3.wav,0,1,0.34315353631973267,0.2691883444786072,false_positive,nsc_pt3.M.35_45.INDIAN,M,35_45,INDIAN
3208-1_8.wav,3244-2_2.wav,0,1,0.33440524339675903,0.2691883444786072,false_positive,nsc_pt3.M.35_45.INDIAN,M,35_45,INDIAN
3234-2_10.wav,3262-1_1.wav,0,1,0.47695088386535645,0.2691883444786072,false_positive,nsc_pt3.M.35_45.INDIAN,M,35_45,INDIAN
3234-2_2.wav,3262-1_1.wav,0,1,0.33738473057746887,0.2691883444786072,false_positive,nsc_pt3.M.35_45.INDIAN,M,35_45,INDIAN
3234-2_3.wav,3262-1_8.wav,0,1,0.37349292635917664,0.2691883444786072,false_positive,nsc_pt3.M.35_45.INDIAN,M,35_45,INDIAN
3234-2_4.wav,3262-1_7.wav,0,1,0.28484708070755005,0.2691883444786072,false_positive,nsc_pt3.M.35_45.INDIAN,M,35_45,INDIAN
3234-2_4.wav,3184-2_6.wav,0,1,0.2738378643989563,0.2691883444786072,false_positive,nsc_pt3.M.35_45.INDIAN,M,35_45,INDIAN
3234-2_5.wav,3262-1_9.wav,0,1,0.2727784216403961,0.2691883444786072,false_positive,nsc_pt3.M.35_45.INDIAN,M,35_45,INDIAN
3234-2_9.wav,3184-2_1.wav,0,1,0.27657657861709595,0.2691883444786072,false_positive,nsc_pt3.M.35_45.INDIAN,M,35_45,INDIAN
3234-2_9.wav,3262-1_5.wav,0,1,0.30053409934043884,0.2691883444786072,false_positive,nsc_pt3.M.35_45.INDIAN,M,35_45,INDIAN
3244-2_2.wav,3208-1_4.wav,0,1,0.2851528525352478,0.2691883444786072,false_positive,nsc_pt3.M.35_45.INDIAN,M,35_45,INDIAN
3244-2_3.wav,3208-1_6.wav,0,1,0.34315353631973267,0.2691883444786072,false_positive,nsc_pt3.M.35_45.INDIAN,M,35_45,INDIAN
3244-2_6.wav,3208-1_5.wav,0,1,0.36808890104293823,0.2691883444786072,false_positive,nsc_pt3.M.35_45.INDIAN,M,35_45,INDIAN
3250-2_1.wav,3184-2_10.wav,0,1,0.2991609573364258,0.2691883444786072,false_positive,nsc_pt3.M.35_45.INDIAN,M,35_45,INDIAN
3250-2_10.wav,3184-2_5.wav,0,1,0.31386440992355347,0.2691883444786072,false_positive,nsc_pt3.M.35_45.INDIAN,M,35_45,INDIAN
3250-2_2.wav,3234-2_9.wav,0,1,0.2983849048614502,0.2691883444786072,false_positive,nsc_pt3.M.35_45.INDIAN,M,35_45,INDIAN
3250-2_3.wav,3184-2_6.wav,0,1,0.2838841676712036,0.2691883444786072,false_positive,nsc_pt3.M.35_45.INDIAN,M,35_45,INDIAN
3250-2_4.wav,3184-2_8.wav,0,1,0.4720754027366638,0.2691883444786072,false_positive,nsc_pt3.M.35_45.INDIAN,M,35_45,INDIAN
3250-2_5.wav,3184-2_1.wav,0,1,0.31673601269721985,0.2691883444786072,false_positive,nsc_pt3.M.35_45.INDIAN,M,35_45,INDIAN
3250-2_7.wav,3184-2_1.wav,0,1,0.3157879710197449,0.2691883444786072,false_positive,nsc_pt3.M.35_45.INDIAN,M,35_45,INDIAN
3250-2_8.wav,3244-2_3.wav,0,1,0.2984219193458557,0.2691883444786072,false_positive,nsc_pt3.M.35_45.INDIAN,M,35_45,INDIAN
3250-2_8.wav,3184-2_5.wav,0,1,0.3271474242210388,0.2691883444786072,false_positive,nsc_pt3.M.35_45.INDIAN,M,35_45,INDIAN
3251-1_4.wav,3244-2_8.wav,0,1,0.2963661551475525,0.2691883444786072,false_positive,nsc_pt3.M.35_45.INDIAN,M,35_45,INDIAN
3262-1_10.wav,3234-2_5.wav,0,1,0.29279109835624695,0.2691883444786072,false_positive,nsc_pt3.M.35_45.INDIAN,M,35_45,INDIAN
3262-1_2.wav,3234-2_4.wav,0,1,0.36462458968162537,0.2691883444786072,false_positive,nsc_pt3.M.35_45.INDIAN,M,35_45,INDIAN
3262-1_4.wav,3234-2_10.wav,0,1,0.3922886252403259,0.2691883444786072,false_positive,nsc_pt3.M.35_45.INDIAN,M,35_45,INDIAN
3262-1_4.wav,3184-2_1.wav,0,1,0.2774714231491089,0.2691883444786072,false_positive,nsc_pt3.M.35_45.INDIAN,M,35_45,INDIAN
3262-1_5.wav,3234-2_7.wav,0,1,0.28099489212036133,0.2691883444786072,false_positive,nsc_pt3.M.35_45.INDIAN,M,35_45,INDIAN
3262-1_6.wav,3184-2_6.wav,0,1,0.2879817485809326,0.2691883444786072,false_positive,nsc_pt3.M.35_45.INDIAN,M,35_45,INDIAN
3262-1_7.wav,3184-2_6.wav,0,1,0.335696816444397,0.2691883444786072,false_positive,nsc_pt3.M.35_45.INDIAN,M,35_45,INDIAN
3262-1_8.wav,3234-2_6.wav,0,1,0.3113597631454468,0.2691883444786072,false_positive,nsc_pt3.M.35_45.INDIAN,M,35_45,INDIAN
3150-1_1.wav,3150-1_3.wav,1,0,0.26590749621391296,0.2691883444786072,false_negative,nsc_pt3.M.35_45.MALAY,M,35_45,MALAY
3176-1_3.wav,3176-1_7.wav,1,0,0.20885016024112701,0.2691883444786072,false_negative,nsc_pt3.M.35_45.MALAY,M,35_45,MALAY
3176-1_5.wav,3176-1_8.wav,1,0,0.24559839069843292,0.2691883444786072,false_negative,nsc_pt3.M.35_45.MALAY,M,35_45,MALAY
3176-1_6.wav,3176-1_7.wav,1,0,0.2652713656425476,0.2691883444786072,false_negative,nsc_pt3.M.35_45.MALAY,M,35_45,MALAY
3176-1_8.wav,3176-1_9.wav,1,0,0.2690563201904297,0.2691883444786072,false_negative,nsc_pt3.M.35_45.MALAY,M,35_45,MALAY
3201-1_1.wav,3201-1_2.wav,1,0,0.24265587329864502,0.2691883444786072,false_negative,nsc_pt3.M.35_45.MALAY,M,35_45,MALAY
3201-1_10.wav,3201-1_2.wav,1,0,0.1888195425271988,0.2691883444786072,false_negative,nsc_pt3.M.35_45.MALAY,M,35_45,MALAY
3201-1_2.wav,3201-1_3.wav,1,0,0.24520991742610931,0.2691883444786072,false_negative,nsc_pt3.M.35_45.MALAY,M,35_45,MALAY
3201-1_2.wav,3201-1_4.wav,1,0,0.26460933685302734,0.2691883444786072,false_negative,nsc_pt3.M.35_45.MALAY,M,35_45,MALAY
3201-1_2.wav,3201-1_6.wav,1,0,0.22907188534736633,0.2691883444786072,false_negative,nsc_pt3.M.35_45.MALAY,M,35_45,MALAY
3201-1_2.wav,3201-1_7.wav,1,0,0.1656058430671692,0.2691883444786072,false_negative,nsc_pt3.M.35_45.MALAY,M,35_45,MALAY
3201-1_2.wav,3201-1_9.wav,1,0,0.21913105249404907,0.2691883444786072,false_negative,nsc_pt3.M.35_45.MALAY,M,35_45,MALAY
3263-1_1.wav,3263-1_6.wav,1,0,0.21623502671718597,0.2691883444786072,false_negative,nsc_pt3.M.35_45.MALAY,M,35_45,MALAY
3263-1_1.wav,3263-1_9.wav,1,0,0.10695531964302063,0.2691883444786072,false_negative,nsc_pt3.M.35_45.MALAY,M,35_45,MALAY
3263-1_10.wav,3263-1_9.wav,1,0,0.23297953605651855,0.2691883444786072,false_negative,nsc_pt3.M.35_45.MALAY,M,35_45,MALAY
3263-1_2.wav,3263-1_9.wav,1,0,0.21063488721847534,0.2691883444786072,false_negative,nsc_pt3.M.35_45.MALAY,M,35_45,MALAY
3263-1_3.wav,3263-1_6.wav,1,0,0.13018685579299927,0.2691883444786072,false_negative,nsc_pt3.M.35_45.MALAY,M,35_45,MALAY
3263-1_4.wav,3263-1_6.wav,1,0,0.24804016947746277,0.2691883444786072,false_negative,nsc_pt3.M.35_45.MALAY,M,35_45,MALAY
3263-1_4.wav,3263-1_9.wav,1,0,0.22476685047149658,0.2691883444786072,false_negative,nsc_pt3.M.35_45.MALAY,M,35_45,MALAY
3263-1_5.wav,3263-1_6.wav,1,0,0.18613341450691223,0.2691883444786072,false_negative,nsc_pt3.M.35_45.MALAY,M,35_45,MALAY
3263-1_5.wav,3263-1_9.wav,1,0,0.20329025387763977,0.2691883444786072,false_negative,nsc_pt3.M.35_45.MALAY,M,35_45,MALAY
3263-1_6.wav,3263-1_7.wav,1,0,0.17361286282539368,0.2691883444786072,false_negative,nsc_pt3.M.35_45.MALAY,M,35_45,MALAY
3263-1_6.wav,3263-1_8.wav,1,0,0.16647422313690186,0.2691883444786072,false_negative,nsc_pt3.M.35_45.MALAY,M,35_45,MALAY
3263-1_6.wav,3263-1_9.wav,1,0,0.11751250922679901,0.2691883444786072,false_negative,nsc_pt3.M.35_45.MALAY,M,35_45,MALAY
3263-1_7.wav,3263-1_9.wav,1,0,0.24355877935886383,0.2691883444786072,false_negative,nsc_pt3.M.35_45.MALAY,M,35_45,MALAY
3263-1_8.wav,3263-1_9.wav,1,0,0.07575845718383789,0.2691883444786072,false_negative,nsc_pt3.M.35_45.MALAY,M,35_45,MALAY
3128-2_3.wav,3150-1_3.wav,0,1,0.28219592571258545,0.2691883444786072,false_positive,nsc_pt3.M.35_45.MALAY,M,35_45,MALAY
3128-2_8.wav,3255-1_4.wav,0,1,0.3210514187812805,0.2691883444786072,false_positive,nsc_pt3.M.35_45.MALAY,M,35_45,MALAY
3150-1_1.wav,3255-1_6.wav,0,1,0.27446383237838745,0.2691883444786072,false_positive,nsc_pt3.M.35_45.MALAY,M,35_45,MALAY
3176-1_2.wav,3255-1_6.wav,0,1,0.3161618113517761,0.2691883444786072,false_positive,nsc_pt3.M.35_45.MALAY,M,35_45,MALAY
3176-1_3.wav,3255-1_1.wav,0,1,0.31925973296165466,0.2691883444786072,false_positive,nsc_pt3.M.35_45.MALAY,M,35_45,MALAY
3176-1_7.wav,3255-1_2.wav,0,1,0.4164470434188843,0.2691883444786072,false_positive,nsc_pt3.M.35_45.MALAY,M,35_45,MALAY
3201-1_1.wav,3150-1_5.wav,0,1,0.272743284702301,0.2691883444786072,false_positive,nsc_pt3.M.35_45.MALAY,M,35_45,MALAY
3250-1_1.wav,3150-1_3.wav,0,1,0.2703797221183777,0.2691883444786072,false_positive,nsc_pt3.M.35_45.MALAY,M,35_45,MALAY
3250-1_5.wav,3255-1_10.wav,0,1,0.2919466495513916,0.2691883444786072,false_positive,nsc_pt3.M.35_45.MALAY,M,35_45,MALAY
3250-1_6.wav,3255-1_5.wav,0,1,0.2906198501586914,0.2691883444786072,false_positive,nsc_pt3.M.35_45.MALAY,M,35_45,MALAY
3250-1_9.wav,3150-1_3.wav,0,1,0.2719734311103821,0.2691883444786072,false_positive,nsc_pt3.M.35_45.MALAY,M,35_45,MALAY
3255-1_1.wav,3176-1_4.wav,0,1,0.46993184089660645,0.2691883444786072,false_positive,nsc_pt3.M.35_45.MALAY,M,35_45,MALAY
3255-1_2.wav,3250-1_5.wav,0,1,0.2858427166938782,0.2691883444786072,false_positive,nsc_pt3.M.35_45.MALAY,M,35_45,MALAY
3255-1_2.wav,3176-1_10.wav,0,1,0.307198166847229,0.2691883444786072,false_positive,nsc_pt3.M.35_45.MALAY,M,35_45,MALAY
3255-1_3.wav,3250-1_5.wav,0,1,0.3096603453159332,0.2691883444786072,false_positive,nsc_pt3.M.35_45.MALAY,M,35_45,MALAY
3255-1_5.wav,3176-1_4.wav,0,1,0.279295414686203,0.2691883444786072,false_positive,nsc_pt3.M.35_45.MALAY,M,35_45,MALAY
3255-1_6.wav,3176-1_5.wav,0,1,0.3148566782474518,0.2691883444786072,false_positive,nsc_pt3.M.35_45.MALAY,M,35_45,MALAY
3255-1_8.wav,3176-1_4.wav,0,1,0.304690957069397,0.2691883444786072,false_positive,nsc_pt3.M.35_45.MALAY,M,35_45,MALAY
3263-1_6.wav,3204-1_8.wav,0,1,0.3739672601222992,0.2691883444786072,false_positive,nsc_pt3.M.35_45.MALAY,M,35_45,MALAY
